OL1001635A	Peter Cheyney
OL10018109A	Hephell
OL1001882A	Thomas Handforth
OL1002612A	Maureen Daly
OL10027662A	paula garcia
OL1004630A	Geoffrey Household
OL1005396A	Elizabeth George Speare
OL1006075A	Armstrong Sperry
OL10087675A	Dario Rigoni
OL1010397A	Fannie Hurst
OL1010980A	Wayne F. Cooper
OL10126989A	Joseph Jacobs
OL10130150A	Henry Mills 1836-1919 Alden
OL1013029A	Caroline M. Kirkland
OL10147917A	Louise Varèse
OL10149651A	Benito Pérez Galdós
OL10184015A	Kan-ichi Ando
OL10226233A	Charles M. Sheldon
OL10240A	Ivan Sergeevich Turgenev
OL10287926A	Benito Galdós
OL10306172A	Van Dene
OL10306216A	A. Orage
OL10306291A	A. Tuccillo
OL10306451A	Samuel Hopkins Samuel Hopkins Adams
OL10311369A	Gladys Acosta
OL1034117A	George Douglas Brown
OL10345300A	Brian Stableford
OL10354233A	Harold Eldridge
OL1036325A	Clarence Budington Kelland
OL1036345A	Leonora Blanche Lang
OL1036952A	Henry Blake Fuller
OL1037722A	Basil King
OL1041617A	Vaughan Kester
OL1043740A	Peter B. Kyne
OL10443087A	Jacobs, Ed, Joseph
OL1046213A	Евгений Петрович Петров
OL1049393A	Joseph Hergesheimer
OL1049850A	Montague Glass
OL10508283A	Charles Henri Ford
OL1050930A	Frank Yerby
OL1051348A	C. V. Jamison
OL10521381A	Johnny Lorenz
OL105306A	Amitav Ghosh
OL1053294A	Ann Bridge
OL10537782A	Robert de Young
OL10537783A	Franke, Henry G., 3rd
OL10546352A	Casper Van Dien
OL1055237A	Violet M. Firth (Dion Fortune)
OL10565676A	George Y. Coffin
OL10572934A	Cloudesley Shovell Henry 1863 Brereton
OL10572935A	Fred [From Old Catalog] Joint Rothwell
OL1057958A	Gladys Mitchell
OL10600724A	Stephen Crane
OL10604823A	H. Devill Welsh
OL10605530A	Elizabeth Shippen Green
OL10614017A	Elizabeth Stuart Phelps
OL10660660A	John Steinbeck
OL10673573A	Juan Jose Cela
OL107138A	Bojer, Johan
OL1073155A	Elizabeth janet Gray
OL10733810A	Anna Katharine Green
OL10736946A	Harriet Stowe
OL1074222A	Pauline E. Hopkins
OL1074728A	T. S. Stribling
OL1076999A	Israel Joshua Singer
OL107877A	Guy Boothby
OL10788427A	facundo meza
OL107911A	George Bernard Shaw
OL108017A	James Allen
OL108022A	Howard Fast
OL1080857A	Alfred Henry Lewis
OL1082324A	Garrett Putman Serviss
OL10829917A	Leslie H Woodson
OL10844193A	Stanley L. Sharp
OL10844194A	Alfred P. Donhauser
OL108452A	Sigmund Freud
OL10869177A	B. McCahill
OL10869695A	Jessie Mcdermot
OL1088118A	David Unger
OL10881575A	Ardeshir Eyzdagird
OL10888029A	J. J. Cameron
OL10912398A	Joseph Joseph Jacobs
OL1096827A	Zona Gale
OL10968A	Walter Pater
OL1097266A	Robert Graves
OL1098429A	Hermine Hug-Hellmuth
OL1099961A	Mary Raymond Shipman Andrews
OL11045853A	Ohn Kendrick Bangs
OL1105629A	Helen Wells
OL110720A	Isabella L. Bird
OL11138766A	H. Rider Haggardh Rider
OL11174200A	Edward Elmer  Smith
OL1122052A	Norah Lofts
OL1123475A	John P. Marquand
OL1123886A	George Herriman
OL1125093A	Denton Welch
OL1126014A	Will Levington Comfort
OL1127001A	Susan Coolidge
OL1127193A	Henry Wade
OL1127231A	Meredith Nicholson
OL11275419A	Marcel Misset
OL112761A	Bjørnstjerne Bjørnson
OL112763A	Sara Jeannette Duncan
OL112965A	George William Curtis
OL112971A	James Baldwin
OL1130282A	Ruth Plumly Thompson
OL1130328A	Julie Campbell
OL113271A	Richard Harding Davis
OL11334217A	John Kendrick John Kendrick Bangs
OL113362A	Charlotte Brontë
OL113438A	Francis Grierson
OL11347256A	John Kendrick Bangs
OL11350761A	John Bangs
OL1135387A	Iris Bromige
OL113574A	Walter De la Mare
OL11358104A	E. R. Burroughs
OL113611A	Jules Verne
OL113828A	Elizabeth Cleghorn Gaskell
OL113831A	John Masefield
OL113867A	John Mason Neale
OL1138857A	Walter Greenwood
OL113923A	Prosper Mérimée
OL113959A	James Russell Lowell
OL114007A	Jane Addams
OL114035A	Jules Romains
OL114093A	Robert Frost
OL114139A	Oliver Wendell Holmes, Sr.
OL1141800A	Chester Himes
OL1143022A	Garth Williams
OL114355A	William Hale White
OL11436451A	Norman (1868-1952) Douglas
OL11440261A	Clark, Barrett H.; Lieber, Maxim
OL114410A	John Burroughs
OL114411A	Herbert Allen Giles
OL114413A	S. Weir Mitchell
OL11445342A	Ernest Hemingway
OL11452057A	Kahil Gibran
OL11463649A	Ernest Kellogg Gann
OL11467733A	Barrett H. & Maxim Lieber Clark
OL11467868A	CS Forester
OL11501283A	Norman [1868 - 1952] Douglas
OL1151228A	Nikolay Ostrovsky
OL115231A	Bret Harte
OL11528567A	Clark, Barrett H. / Lieber, Maxim
OL11529351A	Barrett H. and Maxim Lieber Clark
OL11537601A	norman douglas
OL115388A	Stewart Edward White
OL11545772A	Dee Browne
OL11551096A	C.S.Forester
OL115550A	Brander Matthews
OL11555212A	Bronte, C, E, And A,
OL1155711A	Karel Čapek
OL11557647A	Clark & Lieber
OL1156265A	Margaret Kennedy
OL115794A	Richard Aldington
OL11583609A	No Illustrations Schweikert
OL115895A	André Maurois
OL116017A	Ivan Aleksandrovich Goncharov
OL1161315A	Myra Kelly
OL116161A	Eduard Mörike
OL116256A	T. S. Eliot
OL116284A	David Belasco
OL1163700A	Freeman Wills Crofts
OL116405A	E. A. Wallis Budge
OL116544A	Algernon Charles Swinburne
OL116645A	Hugh Walpole
OL1168432A	Alfred John Church
OL117166A	James Stephens
OL117225A	Charles Williams
OL117245A	C. L. R. James
OL1173056A	Rackham Holt
OL117350A	Osbert Sitwell
OL1173641A	Bertha von Suttner
OL117443A	Emil Ludwig
OL117592A	Jean-Paul Sartre
OL117615A	Jan Struther
OL117687A	J. B. Priestley
OL117691A	Francis Brett Young
OL117830A	Carl Sandburg
OL117832A	Erskine Caldwell
OL11783714A	manuel bazan
OL117936A	Elizabeth Robins
OL117938A	Bagnold, Enid.
OL117A	Максим Горький
OL118077A	George Orwell
OL11809381A	J. R. Flanagan
OL118139A	Jakob Wassermann
OL1181455A	Owen Johnson
OL1181471A	John Ames Mitchell
OL1181660A	Edwin Balmer
OL1181672A	William Wallace Cook
OL1181925A	Jackson Gregory
OL118514A	Arkell, Reginald
OL118734A	Dennis Wheatley
OL1189026A	Thomas Henry
OL118929A	Richard Jefferies
OL119019A	Bernard Augustine De Voto
OL1190277A	Humphrey Cobb
OL119096A	W. M. Smart
OL119416A	Jean de Brunhoff
OL1195114A	Richard Connell
OL1195237A	Agnes Smedley
OL1195429A	Mabel Collins
OL11961050A	Hugh (ed.) Walker
OL119715A	Colette
OL119737A	Lion Feuchtwanger
OL1197683A	Anthony Boucher
OL1199434A	H. De Vere Stacpoole
OL120118A	Edwin Muir
OL120151A	Jorge Icaza
OL120197A	Charles de Gaulle
OL120205A	Marcel Proust
OL1203442A	Magdalen King-Hall
OL120346A	Barrett Harper Clark
OL120498A	Henry Green
OL1205617A	Winifred Holtby
OL1206311A	Frank H. Spearman
OL1206709A	Alice Caldwell Hegan Rice
OL120803A	Cecil Day-Lewis
OL1208155A	Amélie Rives Troubetzkoy
OL120927A	"BB,"
OL120957A	Vercors
OL12101716A	Pauline E. Hopkins
OL121249A	Eric Linklater
OL121323A	Carolyn Wells
OL121432A	James Hanley
OL121699A	Max Aub
OL121760A	Neil Miller Gunn
OL121846A	Ivy Compton-Burnett
OL1219541A	C. J. Cutcliffe Hyne
OL1219913A	上田 秋成
OL12199714A	H. van Dyke
OL122037A	Jean Giraudoux
OL122114A	Ludwig Renn
OL122169A	Erich Maria Remarque
OL1221883A	Rolf Boldrewood
OL122269A	Mariano Azuela
OL12231776A	J. Steinbeck
OL122610A	Warwick Deeping
OL12267574A	BARRETT H. CLARK
OL122737A	Alberto Blest Gana
OL12296721A	Douglas, Norman Petrina, Carlotta,
OL123122A	John Dos Passos
OL123123A	Warner, Rex
OL12329849A	Austin Mary Hunter
OL123298A	Franz Werfel
OL12330317A	Thurfrida Wake
OL12332082A	Ernest Alfred Ernest Alfred Vizetelly
OL1234731A	Taylor Caldwell
OL1236078A	Ruth Goode
OL1238361A	John Horne Burns
OL1238430A	Stendahl.
OL12392137A	H. Rider Haggard
OL12397103A	H. Rider Haggard
OL123987A	Adalbert Stifter
OL1240736A	Ross Lockridge
OL124130A	Henry Lawson
OL124171A	Albert Camus
OL1242256A	John Brown
OL124284A	Aleksandr Fadeev
OL124559A	Jeremias Gotthelf
OL124895A	Pierre Louÿs
OL12490069A	Miguel Angel Asturias
OL124945A	Ignazio Silone
OL124948A	A. E. Coppard
OL124990A	E. C. R. Lorac
OL12500372A	(From the Richard Evelyn Byrd Library w/ family bookplate)
OL12501520A	'Sapper'.
OL12506623A	h schweikert
OL12513862A	A Bierce
OL12526479A	Xènia Dyakonova
OL125391A	Georges Simenon
OL12540483A	Carlos Rubio lópez de la Llave
OL12540536A	José Luis Haering
OL12540649A	Miguel Ángel Asturias
OL12544755A	Ana María de la Fuente Rodríguez
OL12550140A	F. S. Fitzgerald
OL12551935A	Guzmán
OL12551936A	Martín Luis
OL12552719A	Montserrat Lunati Maruny
OL12561091A	Blanca Torrents
OL12564902A	Josef Weinberger
OL12564903A	Dóra Bakucz
OL1256608A	Hildegarde Hoyt Swift
OL1256632A	Helen Eustis
OL125711A	Heinrich Mann
OL125835A	Léon Frapié
OL12583619A	Zinc Read
OL12593830A	Nagi Yoshizaki
OL126038A	Jorge Leal Amado de Faria
OL126173A	Константин Михайлович Симонов
OL126252A	Albrecht Goes
OL126332A	Josef Čapek
OL12645568A	Asturias M.A.
OL126467A	Robert Smythe Hichens
OL126562A	Baroness Emmuska Orczy
OL126562A	Emma Orczy
OL12665130A	Joan Fontana Tous
OL12665131A	Joan Fontana Tous
OL126749A	Gérard de Nerval
OL12696098A	Ignacio Vidal-Folch Balanzo
OL12696099A	Ignacio Vidal-Folch Balanzo
OL126969A	Jim Kjelgaard
OL12697695A	Ainhoa Lozano Antoñana
OL12697696A	Ainhoa Lozano Antoñana
OL127193A	Guillaume Apollinaire
OL127321A	Julien Gracq
OL127400A	Blaise Cendrars
OL12789159A	FALLACI
OL127932A	Russell Thorndike
OL12795382A	E Queen
OL12802716A	Hugh (introduction) Walker
OL128744A	Curzio Malaparte
OL12901631A	John Fox, Jr.; Yohn, F. C. [Illustrator]
OL129096A	Paul Verlaine
OL129171A	Rómulo Gallegos
OL1295821A	Esther Shephard
OL1296523A	Zitkála-Šá
OL129758A	Jean Genet
OL12987021A	CLARK AND LIEBER
OL12987999A	Ellery Queen Jr. 
OL129894A	Ronald Arbuthnott Knox
OL12996111A	Kahlil Gibran
OL13002404A	Emile Souvestre
OL1300693A	Catherine Bonhomme
OL130236A	Israel Zangwill
OL13066A	H. G. Wells
OL13075856A	Cloudesley Brereton and Fred Rothwell
OL13079680A	I. Wylie
OL1314365A	Margaret Campbell
OL13192A	Henrik Ibsen
OL1319733A	Ethel Lilian Voynich
OL1320309A	Joseph Crosby Lincoln
OL1321221A	Eve Garnett
OL132972A	Alain Grandbois
OL13350839A	George Gissing
OL133731A	Carmen Laforet
OL133863A	E. C. Bentley
OL133924A	Klaus Mann
OL1340154A	Norman Hunter
OL134323A	Hervé Bazin
OL134455A	Theodor Plievier
OL1345303A	Doris Gates
OL1345636A	Anthony Berkeley
OL13473336A	Ayn Rand
OL13501612A	John Galsworthy
OL13502934A	john galsworthy
OL1351256A	Edmund Reiss
OL135127A	Isak Dinesen
OL135291A	Pär Lagerkvist
OL13540392A	Edward 1809-1883 Fitzgerald
OL13540393A	E. H. (Edward Henry) 1836 Whinfield
OL135531A	Robert Musil
OL1356209A	Sinclair Ross
OL1358245A	Clemence Dane
OL13597882A	Ayn Rand;
OL13608013A	Catholic Way Publishing Staff
OL13618016A	Kaori Okura
OL136197A	P. G. Wodehouse
OL13627616A	Dixon, Franklin W. (Mc Farlane, Leslie)
OL136299A	Miguel Delibes
OL13640A	Ernest Hemingway
OL136546A	Alfred de Musset
OL13657204A	Marian C. Cooper
OL13663140A	Dorothy B. Hughes
OL1367436A	Kathleen Thompson Norris
OL13693378A	Juliane Roemhild
OL1370160A	Henry Bellamann
OL137095A	Theodor Herzl Gaster
OL137147A	Isaac Bashevis Singer
OL137459A	Vita Sackville-West
OL137680A	Wyndham Lewis
OL137845A	Isha Schwaller de Lubicz
OL137948A	Stig Dagerman
OL138047A	Walter Allen
OL138059A	John Meade Falkner
OL1385200A	Ross Kay
OL1385427A	Christine Feehan
OL1385504A	Edgar Saltus
OL1386012A	Lori Foster
OL1388005A	Doreen Cronin
OL1388128A	D. B. C. Pierre
OL1389835A	Harry Leon Wilson
OL139074A	Dylan Thomas
OL1391136A	Emilie Baker Loring
OL1391432A	Evelyn Waugh
OL1391983A	Robert Tressell
OL139251A	Sholem Asch
OL1393239A	Talbot Mundy
OL139769A	Raymond Queneau
OL1401732A	Nigel Balchin
OL140903A	Gerhart Hauptmann
OL14090744A	Douglas, Norman and Angelo, Valenti (Illus. )
OL1411143A	Lucas Malet
OL14114A	Yaşar Kemal
OL1412233A	Jacques Futrelle
OL141473A	Vilhelm Moberg
OL14157861A	Daniel Aaron
OL141618A	George Moore
OL14166604A	Sapper
OL141965A	Abrahams, Peter
OL142156A	Bernard Delvaille
OL142404A	T. H. White
OL14242711A	Stephen Leacock
OL14285515A	H. J. Graefen
OL1431237A	Vera Caspary
OL1432532A	John Boyne
OL14337818A	Henry Alden
OL1433830A	Marie McSwigan
OL1434353A	Brad Thor
OL1434486A	Johnston McCulley
OL14401463A	Desmond gahan
OL14405019A	G. Danziger
OL14419153A	Guro Verlag
OL144345A	Sholem Aleichem
OL14448211A	Damian Andre
OL14460104A	Bangs John Kendrick
OL14482752A	Queer Little Folks
OL14501846A	Adrian Rand
OL1450773A	Chris Grabenstein
OL14511829A	Leonzio Russo
OL1451761A	Andrew White Tuer
OL1452096A	Margery Sharp
OL1452170A	Daisy Meadows
OL145748A	Elias Canetti
OL145860A	Ernst von Salomon
OL1458902A	Frances Parkinson Keyes
OL1460816A	Henry Harland
OL146200A	Janusz Korczak
OL14647516A	Edmée Elizabeth Dashwood
OL146605A	Edgar Rice Burroughs
OL1472833A	Angela Brazil
OL1475076A	Jeffery Farnol
OL1475610A	Hugh Walker
OL1478510A	Rani Manicka
OL1478737A	Rex Ellingwood Beach
OL1478967A	Arthur Cheney Train
OL1479003A	Edwin Lester Linden Arnold
OL1479386A	Axel Munthe
OL1480011A	Hervey Allen
OL1482457A	Grace MacGowan Cooke
OL148769A	Conrad Ferdinand Meyer
OL149830A	Alfred Döblin
OL150264A	Hans Jakob Christoffel von Grimmelshausen
OL150312A	Grazia Deledda
OL150942A	Clarence Day
OL1509731A	Lenora Mattingly Weber
OL151016A	William Saroyan
OL151749A	Margaret Mitchell
OL151775A	Katherine Anne Porter
OL1520613A	Aksel Sandemose
OL1520975A	Andrew Dabb
OL1521335A	Edward Prime-Stevenson
OL1522965A	Karl Gjellerup
OL152307A	Hugh Lofting
OL152441A	Natalia Ginzburg
OL15264001A	Sun Tzu 
OL15278940A	James Lane Allen
OL152794A	Heinrich von Kleist
OL15305154A	john steinbek
OL15317023A	John Steinback
OL15320071A	thornton w. bergess
OL153336A	Nordhoff, Charles
OL153463A	Spyri, Johanna
OL15366369A	艾秋
OL15377595A	Ross MacDonald
OL154163A	Kathryn Forbes
OL15420710A	robert l stevenson
OL15432707A	johnb galsworthy
OL15484913A	Ueda Akinari
OL1549954A	George Bellairs
OL1550974A	Elswyth Thane
OL1553131A	E. M. Hull
OL15553295A	F. C. Yohn
OL155650A	John Uri Lloyd
OL15698A	Romain Rolland
OL157251A	C. W. Anderson
OL157323A	Marguerite Henry
OL15745937A	Nicholas Blake
OL15863855A	高玮
OL158906A	Walter Besant
OL158938A	Marie Corelli
OL159292A	Edward Payson Roe
OL159349A	William Gilmore Simms
OL159362A	George Alfred Townsend
OL159397A	Elizabeth Stuart Phelps
OL1596095A	Clemence Housman
OL159722A	Renard, Jules
OL1602527A	Austin Tappan Wright
OL160356A	William Maxwell
OL1603793A	Emerson Hough
OL1603888A	Benedict Freedman
OL160435A	Sarah Bernhardt
OL160588A	George Sylvester Viereck
OL1606330A	Mary Buff
OL160777A	Howard Roger Garis
OL160822A	Stanisław Przybyszewski
OL160910A	Johnny Gruelle
OL160918A	W. W. Jacobs
OL1609306A	Leslie Klinger
OL160959A	Elsa Beskow
OL161160A	Edgar Wallace
OL161167A	Arthur Conan Doyle
OL161177A	Dodie Smith
OL161278A	Michael Arlen
OL161324A	Carolyn Sherwin Bailey
OL16137761A	殷雄
OL161448A	Helen Bannerman
OL161483A	Edwin Markham
OL161522A	Nathaniel Southgate Shaler
OL161946A	José de Alencar
OL161973A	J. H. Patterson
OL162026A	Lois Lenski
OL162057A	Robert W. Chambers
OL162098A	Carlo Collodi
OL162099A	Charles G. D. Roberts
OL162260A	Margaret Sidney
OL1637A	Pramoedya Ananta Toer
OL164418A	Émile Gaboriau
OL165068A	John Henry Mackay
OL1652971A	Brinton Turkle
OL1653139A	Fred Gipson
OL1654215A	Beirne Lay
OL1654938A	Percy Marks
OL1656392A	Otis Adelbert Kline
OL1657287A	W. R. Burnett
OL1658996A	Dorothea Brande
OL1664498A	Burton Egbert Stevenson
OL1670901A	Janet Lewis
OL16933A	Annie Wood Besant
OL1693654A	M. P. Shiel
OL169398A	Theodor Herzl
OL16944A	Denis Diderot
OL1699565A	Barbara Baynton
OL170489A	Илья́ Григо́рьевич Эренбу́рг
OL170638A	Aleksey Konstantinovich Tolstoy
OL1706751A	Earl Derr Biggers
OL173760A	نجيب محفوظ
OL1744917A	Robert Bly
OL1745911A	Gerda Charles
OL1755393A	Bill Blackbeard
OL1756370A	Anthony Kerrigan
OL1758190A	John McElroy
OL1759742A	Virgil Scott
OL1766758A	James Branch Cabell
OL1767891A	Elizabeth Garver Jordan
OL1770058A	Ernest Poole
OL1770A	Rabindranath Tagore
OL177106A	Manuel Antônio de Almeida
OL1773791A	Richard Garnett
OL177573A	E. H. Young
OL178062A	José Rizal
OL1794738A	Mircea Eliade
OL1795A	Bāṇa.
OL17969A	Frank G. Slaughter
OL1800686A	Dorothy Baker
OL1803830A	Lieberman, Elias
OL180430A	Achdiat K. Mihardja
OL18053A	Edith Nesbit
OL18065A	Roberts, Kenneth Lewis
OL180670A	William Henry Hudson
OL1808733A	George Randolph Chester
OL18092A	Walter Crane
OL1810465A	Jane Barlow
OL1810794A	Richard Malcolm Johnston
OL1811398A	Hjalmar Hjorth Boyesen
OL18113A	Flora Annie Webster Steel
OL181680A	Charles Neider
OL1820826A	Margaret Ayer Barnes
OL1821506A	Margaret Wilson
OL1822462A	Joseph Lewis French
OL1822558A	Leslie McFarlane
OL18236A	Alexandre Dumas
OL18271A	Charles Lamb
OL18277A	Thomas Hardy
OL18283A	Daniel Defoe
OL183045A	W. O. Mitchell
OL18319A	Mark Twain
OL1834084A	Marguerite Audoux
OL18365A	Georg Ebers
OL183694A	Eliza Leslie
OL18374A	Arthur Schnitzler
OL18394A	Edward Bulwer Lytton, Baron Lytton
OL18405A	Ralph Waldo Emerson
OL18524A	Gilbert Keith Chesterton
OL18528A	John Buchan
OL18539A	Henri Bergson
OL185757A	Mrs. O. F. Walton
OL1867587A	H. C. Bunner
OL187190A	Kate O'Brien
OL1872302A	H. C. Bailey
OL188320A	Marcia Brown
OL18928A	Jorge Luis Borges
OL18973A	Marjorie Kinnan Rawlings
OL18977A	Nora Roberts
OL18979A	Michael Connelly
OL1900249A	Mary Austin
OL190100A	Paul Auster
OL19013A	Janice May Udry
OL19024A	Upton Sinclair
OL19066A	A. S. Byatt
OL19074A	Robert Bright
OL19091A	Grace Maccarone
OL1909570A	Helen Caldwell
OL1910964A	Howard Overing Sturgis
OL191519A	Kathryn Jackson
OL1915327A	Melville Davisson Post
OL191538A	John Glassco
OL19164A	Thornton W. Burgess
OL1916845A	Thomas Charles Bridges
OL1917365A	Hope Muntz
OL1917858A	Elizabeth Louisa "Lily" Moresby
OL1921722A	Juan Cabreros Laya
OL19258A	Kathryn Lasky
OL1925998A	Charles Yale Harrison
OL1926970A	Hope Mirrlees
OL19277A	Faith Baldwin
OL19283A	Grace Livingston Hill
OL193022A	Edward E. Smith
OL1932309A	Maria José Dupré
OL194404A	Jimmy Breslin
OL19441A	Joseph Conrad
OL19447A	Albert Payson Terhune
OL19450A	Virginia Woolf
OL19464A	Mickey Spillane
OL19482A	Louis L'Amour
OL19493A	Sinclair Lewis
OL19499A	Christopher Isherwood
OL19512A	Emily Dickinson
OL195150A	Miguel Torga
OL19515A	She Lao
OL1957827A	Adolphe Danziger De Castro
OL19603A	Booth Tarkington
OL1960944A	Percy Keese Fitzhugh
OL1962952A	John Thomas McIntyre
OL1964240A	Anya Seton
OL1967605A	Irving Bacheller
OL19676A	Marie Hall Ets
OL19677A	Антон Павлович Чехов
OL1968582A	Morton Thompson
OL19690A	Henry David Thoreau
OL19697A	David Mamet
OL197120A	Laura Ingalls Wilder
OL19725A	Washington Irving
OL19728A	Cynthia Rylant
OL197515A	Dorothy L. Sayers
OL19767A	Aldous Huxley
OL19804A	Abraham Lincoln
OL19826A	Bradford, Richard
OL1982733A	Azevedo, Aluizio
OL198302A	B. F. Skinner
OL19887A	Margaret Weis
OL19905A	Piers Anthony
OL199477A	Viktor Dyk
OL1996284A	Howard Haycraft
OL19964A	D. H. Lawrence
OL19981A	Stephen King
OL2001023A	Robert S. Rudder
OL200403A	Pamela L. Travers
OL2006357A	Eleanor Gates
OL2007361A	Blackwell North America.
OL200810A	Anna Kavan
OL20157A	Friedrich Nietzsche
OL2018224A	Eleanor Hallowell Abbott
OL20187A	Kurt Vonnegut
OL20188A	Edith Wharton
OL20216A	Will James
OL202406A	Lorenzo Carcaterra
OL20243A	Graham Greene
OL20246A	Owen Wister
OL2029144A	Harold Raymond Wayne Benjamin
OL2029529A	Schweikert, Harry Christian
OL203016A	Margaret Laurence
OL2035417A	Nikolai Ognev
OL20371A	Marguerite Yourcenar
OL20510A	Sylvia Townsend Warner
OL20519A	Charles Waddell Chesnutt
OL20520A	Marguerite de Angeli
OL2055261A	Giovanni Boccaccio
OL20585A	Edwin Abbott Abbott
OL20646A	Oscar Wilde
OL20651A	Joan Aiken
OL20687A	Sue Grafton
OL2074201A	Lloyd Osbourne
OL2074323A	Boyd Cable
OL2080245A	Graeme Wilson
OL208306A	Dhan Gopal Mukerji
OL2089021A	David McDuff
OL2089100A	Peter Newell
OL20903A	James Thurber
OL20919A	Alberto Moravia
OL20922A	Ellery Queen
OL209280A	James Lane Allen
OL20928A	Robert Penn Warren
OL2095290A	Ernst Jünger
OL20994A	Frederick Forsyth
OL21001A	Henry James
OL21003A	Joyce Cary
OL2101175A	O. Henry
OL2101371A	Charles Tritten
OL2101770A	Manning Coles
OL2103009A	Adrian H. Jaffe
OL2103656A	Henry A. Shute
OL21051A	Jean Giono
OL21093A	Ambrose Bierce
OL21095A	Gertrude Stein
OL2120425A	Arthur Bowie Chrisman
OL21207A	William Butler Yeats
OL21218A	Carolyn Keene
OL21219A	Franklin W. Dixon
OL21241A	Ann Lane Petry
OL21250A	Lawrence Durrell
OL21256A	Catherine Cookson
OL21305A	Maeve Binchy
OL2132331A	Frances Crane
OL2141558A	Winifred Watson
OL2143168A	Adrienne Adams
OL2143631A	Mary Jane Ward
OL2144159A	Chauncey L. Canfield
OL2144327A	Yei Theodora Ozaki
OL2146415A	Henry Mills Alden
OL21491A	Jack Kerouac
OL215610A	Jerome Klapka Jérôme
OL215676A	Arlo Bates
OL215689A	G. A. Henty
OL21569A	Arthur Miller
OL215710A	Eliot Gregory
OL215713A	Frank Norris
OL215729A	Edward Noyes Westcott
OL215730A	Joseph A. Altsheler
OL215741A	Juliana Horatia Gatty Ewing
OL215743A	Hamlin Garland
OL215774A	Frederic Remington
OL215786A	Bernard Capes
OL215791A	Francis Marion Crawford
OL215808A	Gilbert Parker
OL215819A	Robert Barr
OL215831A	Grant Allen
OL215841A	Paul Laurence Dunbar
OL215842A	Martha Finley
OL215843A	Joseph Smith Fletcher
OL215860A	Stanley Waterloo
OL215909A	Finley Peter Dunne
OL2159140A	Jane G. Austin
OL215919A	E. W. Hornung
OL215921A	Fergus Hume
OL215934A	Laura Elizabeth Howe Richards
OL21594A	Jane Austen
OL215957A	Harry Castlemon
OL2159828A	I. A. R. Wylie
OL216004A	Richard Voss
OL216025A	Mary Hartwell Catherwood
OL216064A	Helen Hunt Jackson
OL216130A	Arthur Symons
OL216536A	Eric Foner
OL2166770A	H. E. Bates
OL216755A	Jeffrey Archer
OL2179534A	Enid LaMonte Meadowcroft
OL2180760A	Brett Halliday
OL218190A	Hulbert Footner
OL21831A	William Faulkner
OL21836A	Karl May
OL218440A	Norman Mailer
OL218444A	Mitch Albom
OL218673A	Nichols, Beverley
OL218707A	Rumer Godden
OL2187724A	Charles Green Shaw
OL2188025A	Al Graham
OL2188762A	Dorothy Whipple
OL2189290A	Eleanore Myers Jewett
OL2190097A	Laura Adams Armer
OL219070A	Dave McKean
OL219597A	Gaston Leroux
OL21970A	Winston S. Churchill
OL2197124A	Илья Арнольдович Ильф
OL22012A	Larry McMurtry
OL22013A	Rosamunde Pilcher
OL220198A	Judy Blume
OL22019A	V. C. Andrews
OL22022A	Barbara Cartland
OL220263A	Jacob A. Riis
OL220275A	Marilyn Sachs
OL22027A	Margaret Millar
OL22028A	Mary Roberts Rinehart
OL22032A	Rex Stout
OL2204640A	Darwin L. Teilhet
OL2205533A	Cornell Woolrich
OL22061A	Charles Monroe Sheldon
OL22098A	Lewis Carroll
OL221009A	Lois Lowry
OL221111A	Karen Hesse
OL221159A	E. E. Cummings
OL22122A	Margaret Wise Brown
OL221263A	Angela Mackail Thirkell
OL22132A	Beverly Cleary
OL2215266A	Kingsley Amis
OL22157A	Harriet Beecher Stowe
OL22182A	Christopher Priest
OL22242A	Фёдор Михайлович Достоевский
OL22256A	Evan Hunter
OL22258A	James Patterson
OL222977A	George Santayana
OL22304A	Andrey Bely
OL223134A	Anita Loos
OL2235227A	Herbert A. Wise
OL22358A	Wilkie Collins
OL223733A	John Kendrick Bangs
OL2241004A	Edna L. Mooney Lee
OL2241452A	William D. Gann
OL2241940A	William Lindsay Gresham
OL22420A	Carson McCullers
OL2242182A	Marguerite Mooers Marshall
OL2242229A	Lucy Agnes Hancock
OL2242548A	Helen Dore Boylston
OL22426A	Abraham Cahan
OL22437A	Dee Alexander Brown
OL2246757A	E. R. Punshon
OL2248940A	John Franklin Bardin
OL224896A	E. Pauline Johnson
OL22508A	Anzia Yezierska
OL225215A	Bess Streeter Aldrich
OL225246A	Sidney Sheldon
OL225331A	Colleen McCullough
OL22548A	Clyde Robert Bulla
OL22554A	Lloyd C. Douglas
OL2256559A	Carolyn Haywood
OL2256597A	Clement Hurd
OL2256955A	Martin L. Wolf
OL22583A	Willa Cather
OL2258506A	Phyllis Rowand
OL22586A	Mary Higgins Clark
OL2259074A	Dorothy Bussy
OL22593A	Frederick Buechner
OL226126A	Margaret Drabble
OL226255A	Arthur William Upfield
OL226273A	Zora Neale Hurston
OL2265484A	Alison Uttley
OL2266282A	Eleanor Atkinson
OL2269483A	Fredric Brown
OL2272182A	Clark E. Carr
OL2272490A	Max Maurey
OL227339A	Charles Santore
OL22736A	Martin Buber
OL227715A	Elizabeth Knox
OL227888A	Margaret Hodges
OL227971A	Edmund Wilson
OL2286931A	Charles S. Terry
OL228872A	Santiago Ramón y Cajal
OL22973A	Thomas Mann
OL2299257A	Michael McHugh
OL229963A	Wendy Rasmussen
OL230392A	Harry Brown
OL23048A	Gertrude Chandler Warner
OL2305533A	Natalie Sumner Lincoln
OL2305835A	Eva March Tappan
OL2306359A	Alfred Ollivant
OL230793A	Laura Otis
OL23082A	George MacDonald
OL230855A	Mary S. Lovell
OL2309742A	Frank L. Packard
OL2310173A	Richard Hoffmann
OL23108A	Johanna Lindsey
OL2314994A	Louis Joseph Vance
OL2315034A	Schweikert, Harry Christian
OL2318581A	Elizabeth Foreman Lewis
OL231877A	Michael Hague
OL2319025A	Eva Emery Dye
OL23222A	Erle Stanley Gardner
OL2323155A	Ethel Lina White
OL232498A	Denise Robins
OL232499A	C. S. Forester
OL232501A	Bernard Malamud
OL232700A	Cleanth Brooks
OL232820A	George du Maurier
OL23326A	H. Rider Haggard
OL233497A	Fay Weldon
OL2335455A	Lucile Phillips Morrison
OL233569A	Arna Bontemps
OL2337786A	Gwethalyn Graham
OL2338073A	Cicely Englefield
OL233814A	Enid Blyton
OL2338232A	Maxim Lieber
OL2339207A	Ruth Sergel
OL234170A	John O'Hara
OL23431A	L. Frank Baum
OL23432A	Elizabeth Yates
OL2345042A	John Reid Muir
OL2345998A	Grace Paull
OL2346580A	George Pope Morris
OL2348462A	Vera Neville
OL2350000A	Reşat Nuri Güntekin
OL235310A	Conrad Richter
OL2355312A	Ramón del Valle Inclán
OL236182A	Lloyd Alexander
OL236390A	Rebecca Hourwich Reyher
OL2365048A	Robert Carstairs
OL236704A	Walter R. Brooks
OL2368011A	Emmy Payne
OL23681A	William Dean Howells
OL2368878A	Henry Brodribb Irving
OL23696A	Sigrid Undset
OL237115A	Arnold Lobel
OL237336A	Gypsy Rose Lee
OL23761A	Kenneth Grahame
OL23767A	Frances Hodgson Burnett
OL2378411A	S. J. Simon
OL237989A	Robert Marshall
OL238268A	Ludwig Bemelmans
OL238489A	Bertha Muzzy Bower
OL2385072A	Wells Hastings
OL2385394A	Chester K. Steele
OL2385553A	Mary Dillon
OL2385908A	Annie Payson Call
OL2390848A	Mary Stewart Doubleday Cutting
OL2392802A	Frances Little
OL2394683A	Thomas W. Hanshew
OL2396886A	Geraldine Bonner
OL239800A	Truman Capote
OL2399473A	Alleyne Ireland
OL2399792A	May Sinclair
OL240421A	George Samuel Schuyler
OL2407737A	Annie Hamilton Donnell
OL2407966A	Alexander Aaronsohn
OL24137A	Ray Bradbury
OL241416A	Margery Allingham
OL241532A	Flann O'Brien
OL241549A	William J. Maxwell
OL2415993A	Marcel Allain
OL2417635A	Austin Bishop
OL24181A	Harold Frederic
OL2418943A	Margaret O'Bannon Womack Vandercook
OL2419132A	Mary E. Hanshew
OL2419899A	James P. Smythe
OL242067A	Gillian Cross
OL24244A	Stephanie True Peters
OL242646A	Wanda Gág
OL2428172A	William John Alexander Worster
OL2435483A	Alice Prescott Smith
OL243711A	Frances Ellen Watkins Harper
OL24371A	Dorothy Canfield Fisher
OL243789A	Herminie Templeton Kavanagh
OL244097A	Howard Pyle
OL244300A	August Derleth
OL244358A	H. A. Rey
OL24452A	Danielle Steel
OL24457A	Claude McKay
OL24461A	Rudyard Kipling
OL2447643A	Alexander Jessup
OL24502A	Theodore Roosevelt
OL24527A	Stephen Crane
OL24528A	George Eliot
OL24529A	Emily Brontë
OL245390A	Clare Turlay Newberry
OL2459830A	The Detection Club
OL24638A	Charles Dickens
OL2465239A	Conrad Buff
OL24708A	A. E. van Vogt
OL2471027A	Martin Jarvis
OL247209A	Ruth Krauss
OL24761A	Samuel Butler
OL24762A	Sherwood Anderson
OL248278A	川端康成
OL248539A	Leigh Brackett
OL24950A	Astrid Lindgren
OL2502501A	John Montgomery Gambrill
OL25078A	Walker Evans
OL25123A	Anna Sewell
OL2515514A	S. E. Chapman
OL2516619A	Mrs. Steele MacKaye
OL2517810A	Timothy Holmes
OL25234A	Henry Patterson
OL2523669A	H. R. Naylor
OL252577A	Paul Bowles
OL253023A	Antonio Fogazzaro
OL2532352A	Joseph Jacobs
OL254163A	Anthony Powell
OL2543194A	Edith Franklin Wyatt
OL25442A	Laurence Yep
OL2547823A	Lewis, Janet
OL2548172A	Lieberman, Elias
OL25483A	Jenny Nimmo
OL2553536A	Stanley John Weymann
OL2558322A	Henry Cuyler Bunner
OL25630A	Lisa McCue
OL2570949A	Robert Michael Ballantyne
OL257512A	Georges Rodenbach
OL2576251A	Marie Belloc Lowndes
OL25788A	John Steinbeck
OL257959A	Gabrielle Roy
OL2582274A	Elias Lieberman
OL25918A	Erskine Childers
OL25930A	Charles Perrault
OL25931A	Hans Christian Andersen
OL259636A	Ricardo Güiraldes
OL25963A	Robert Louis Stevenson
OL25965A	Stephen Vincent Benét
OL25966A	Henry Adams
OL25968A	George Barr McCutcheon
OL25969A	Miranda Seymour
OL2607114A	David Rintoul
OL2610977A	Macaulay, Fannie (Caldwell) Mrs.
OL26134A	Mabel Seeley
OL2615286A	William James Lampton
OL2622837A	Dr. Seuss
OL262325A	L. Sprague De Camp
OL2623771A	Various
OL2623912A	Henri Charrière
OL2623989A	David Walliams
OL2624498A	Elmer Hader
OL2625174A	Josephine Tey
OL2627043A	Николай Васильевич Гоголь
OL2627505A	Ockert Meyer
OL2627552A	Tomie dePaola
OL2628053A	Various
OL2628636A	Teresa Mlawer
OL2628655A	Stephen R. Lawhead
OL2629251A	Betty MacDonald
OL2629730A	Margaret Jull Costa
OL2630296A	Peter Abrahams
OL2630575A	Thomas Wolfe
OL26306A	John Hay
OL2632003A	Esphyr Slobodkina
OL2632008A	Raymond Chandler
OL26320A	J.R.R. Tolkien
OL263369A	Jane Gardam
OL26370A	Tasha Tudor
OL26405A	J. M. Synge
OL26407A	Linda Lael Miller
OL2641012A	Elliot
OL26435A	Ira Levin
OL26439A	Stefan Zweig
OL2644841A	Mervyn Peake
OL2644943A	Jane Bowles
OL2645050A	Irving Stone
OL2645782A	Henry Brooke
OL26459A	Langston Hughes
OL26460A	W. E. B. Du Bois
OL2649309A	Porter
OL2650281A	J. Smith
OL2657048A	Wyndham Lewis
OL2657570A	Elizabeth von Arnim
OL2657571A	Mary Elizabeth Braddon
OL2657660A	Daniel Karlin
OL2657666A	Isaac Babel
OL2657944A	Gore Vidal
OL265807A	Douglas Lochhead
OL26582A	David Graham Phillips
OL2658408A	Gebrüder Grimm [Brothers Grimm]
OL2658623A	Neil Reed
OL2658787A	Samuel Butler
OL2658897A	Joris-Karl Huysmans
OL2659133A	William Pène Du Bois
OL2659335A	Aleanor Atkinson
OL2659564A	Sándor Márai
OL26595A	Paulette Bourgeois
OL2660296A	Marquis de Sade
OL2660314A	Dirk Cussler
OL2660342A	Maurice Leblanc
OL2660555A	Alexei Nikolayevich Tolstoy
OL2660684A	Schweikert
OL2661281A	P.C. Asbjornsen
OL2661282A	J. E. Moe
OL2662007A	Ian Montgomery
OL266207A	Hilaire Belloc
OL2665478A	Raja Rao
OL26680A	Louisa May Alcott
OL26681A	Nathaniel Hawthorne
OL26684A	Edward Packard
OL2675083A	Howard Moss
OL2675811A	Golden Books
OL2675814A	Byron Jackson
OL2675871A	Christoph Niemann
OL2676111A	John W. Campbell
OL2676114A	Jack Williamson
OL2676215A	Robert Eustace
OL2676404A	Jim Burke
OL26783A	Tolstoy, Leo, graf, 1828-1910
OL26783A	Лев Толстой
OL2685190A	Robert Stevenson
OL2687190A	Rafael Sabatini
OL2687452A	Houghton Mifflin
OL2688089A	Gertrude Atherton
OL2688714A	Mika Waltari
OL2688998A	夏目漱石
OL2689875A	James George Frazer
OL269058A	Alexander Lernet-Holenia
OL2691124A	William Melborne Meredith
OL2691439A	Beirne Lay, Jr.
OL2691440A	Sy Bartlett
OL26952A	Ngaio Marsh
OL2698447A	Compt Mackenzie
OL26997A	J. M. Barrie
OL2701579A	Nancy Freedman
OL2701856A	Bruce Jensen
OL2703302A	NORMAN DOUGLAS
OL2703357A	E. E. Smith
OL2703408A	Elisabetta Dami
OL2703462A	Fiona Watt
OL2703470A	Brenda Clark
OL27042A	Raymond Briggs
OL2705556A	Roy Thomas
OL27064A	Dick Francis
OL27107A	Anthony Hope
OL27112A	Martha Grimes
OL2711632A	Harrison Cady
OL2711717A	Watty Piper
OL2711905A	Florence Atwater
OL2724663A	Delos W. Lovelace
OL2725285A	Ernest K. Gann
OL2726178A	Anne Freemantle
OL27272A	Joseph Roth
OL27278A	Harry Harrison
OL272947A	Douglas Adams
OL2733216A	Yoshihiro Togashi
OL2734499A	Anthony Briggs
OL27349A	F. Scott Fitzgerald
OL27388A	Mary E. Bradley Lane
OL27395A	Kevin Henkes
OL27436A	Mignon Good Eberhart
OL27452A	Jean Little
OL2745528A	Barrett H. Clark
OL2745734A	John Philip Sousa
OL2746148A	Bob Blaisdell
OL2747362A	Estes
OL2747415A	Donald F. Roden
OL2748402A	Frederick Faust
OL2748652A	Ernesto Sabato
OL2748725A	Richard Bradford
OL2751790A	Richard bradford
OL2751923A	Crompton
OL27524A	Tennessee Williams
OL275314A	Nadine Bernard Westcott
OL2755134A	Francis Thompson
OL276008A	George Washington Cable
OL2760992A	Frank T. Merrill
OL2763372A	Alvin Tresselt
OL27662A	Philip Wylie
OL27695A	Agatha Christie
OL27709A	Doris Lessing
OL2771367A	C. MacKenzie
OL2771373A	Frederick William Rolfe
OL27782A	Louis Bromfield
OL2781391A	Louis-Ferdinand Celine
OL2786936A	Stendhal
OL27871A	Tom Sharpe
OL279395A	Benjamin Disraeli
OL27951A	Andre Norton
OL2795965A	Alan Turney
OL2796155A	David Hately
OL2797372A	Stanley G. Weinbaum
OL279921A	Tove Jansson
OL2800460A	Todd Martin
OL28012A	Thorne Smith
OL2802452A	Timothy Forder
OL2804329A	Makiko Itoh
OL28100A	Hardie Gramatky
OL28104A	Cormac McCarthy
OL28127A	Edgar Allan Poe
OL28135A	Michael Francis Gilbert
OL2815880A	Aiko Ito
OL28169A	Leopoldo Alas
OL28188A	Madeleine L'Engle
OL2824286A	Graham Brown
OL2827465A	H. C. McNeile
OL2827465A	Herman Cyril McNeile
OL2827605A	Harold Bell Wright
OL2829308A	Jilly Bond
OL28314A	Dashiell Hammett
OL2831722A	Andre Fermigier
OL28331A	Charles Tazewell
OL283368A	Vincent Starrett
OL2839464A	Gary Edward Holcomb
OL28409A	William Morris
OL284540A	Percy Lubbock
OL28493A	Kazuo Ishiguro
OL2852504A	Thomas Nelson Page
OL28559A	Kathleen E. Woodiwiss
OL2856431A	James De Mille
OL28577A	Patricia Highsmith
OL28641A	Robert A. Heinlein
OL2864498A	Pablo Marcos
OL2865628A	Simon Vance
OL2865746A	Andrew L. Barnes
OL286951A	Alain-Fournier
OL28717A	Valerie Tripp
OL28725A	Sarah Orne Jewett
OL2873449A	Winston Churchhill
OL2878412A	Tom Stechschulte
OL288327A	Nancy Mitford
OL2890A	Kahlil Gibran
OL289229A	Elio Vittorini
OL2893356A	Bert Barr
OL2893404A	Arthur B. Reeve
OL2898332A	Robert M. Fedorchek
OL28989A	Georges Bernanos
OL2899619A	Percy Fitzgerald
OL2901305A	Robert Abbett
OL290346A	Pseudo-Callisthenes
OL290551A	David Grayson
OL29079A	Clive Cussler
OL29097A	Honoré de Balzac
OL2913162A	C. J. Hogarth
OL2913279A	Constance Black Garnett
OL29174A	Nikos Kazantzakis
OL29282A	Louise Rennison
OL292878A	Henry van Dyke
OL293005A	Ruth Sawyer
OL2930260A	Eleanor Hazard
OL29321A	Ardal O'Hanlon
OL2935640A	Winston Leyland
OL2937134A	Jan Potocki
OL2937242A	Charles Devereaux
OL29388A	Guy de Maupassant
OL29390A	Fritz Leiber
OL29465A	Nelson Algren
OL29497A	Herman Melville
OL2950778A	Paula McLain
OL295133A	Eric Philbrook Kelly
OL2952676A	Gloria Chacon De Arjona
OL295337A	O. E. Rølvaag
OL2955913A	Donald Ogden Stewart
OL2956052A	Stephen Colbourn
OL2957106A	Temple Bailey
OL2958017A	Lydia Maria Child
OL29586A	Arnold Bennett
OL29599A	Liam O'Flaherty
OL29599A	Liam Ó Flaithearta
OL296177A	Dalton Trumbo
OL29622A	Robin McKinley
OL2962430A	Horace Annesley Vachell
OL2962563A	Василий Семёнович Гроссман
OL2964952A	Anthony Horvath
OL29698A	Anthony Trollope
OL2974055A	Larissa Volokhonsky (translator)
OL29754A	Alice Turner Curtis
OL29784A	James Agee
OL2980448A	Scott Westerfeld
OL298044A	Italo Svevo
OL2984531A	Yasotaro Morri
OL29858A	Samuel Beckett
OL2985946A	John Cowper Powys
OL2986249A	Fred Rothwell
OL29881A	A. A. Milne
OL2988575A	Justin Huntly McCarthy
OL29961A	Wallace Stegner
OL30012A	Farley Mowat
OL30013A	Giovanni Verga
OL300804A	Vladimir Galaktionovich Korolenko
OL300813A	Sax Rohmer
OL301491A	Esther Forbes
OL30150A	Dorothy B. Hughes
OL30224A	Thornton Wilder
OL30241A	Евгений Иванович Замятин
OL30250A	E. B. White
OL3028457A	Jim Weiss
OL30350A	Zane Grey
OL3039404A	C. Manson
OL3039420A	J. Neale
OL3043185A	Derya Ataker
OL3043845A	Wilfrid Jackson
OL30490A	Marc Simont
OL30514A	Henry Miller
OL30526A	Jeremiah Curtin
OL30553A	孙武
OL3070153A	Joe Jusko
OL3071178A	Robert Banis
OL3073641A	Nick Bertozzi
OL3076444A	Starrett
OL30771A	Meg Cabot
OL3083047A	J. Allen St. John
OL3087367A	Nicoletta Simborowski
OL30895A	Gene Stratton-Porter
OL3091160A	Alberto Mira
OL309380A	Raja Rao
OL30968A	Jean Toomer
OL31012A	Robert Hugh Benson
OL310397A	George Rippey Stewart
OL31051A	Brian Selznick
OL3113220A	Jules Renard
OL3113483A	Cocteau
OL31215A	Elspeth Huxley
OL31236A	Caryl Phillips
OL3127213A	Irène Némirovsky
OL3127830A	Kahill Gibran
OL3128565A	Jack Saul
OL3130918A	R., H. Benson
OL3137515A	Robin Field
OL31381A	Pauline Gedge
OL3143664A	Dmitri Nabokov
OL31482A	Phyllis A. Whitney
OL3152608A	Andrew Lang
OL3154806A	Walter Mosley
OL31574A	C. S. Lewis
OL31574A	C.S. Lewis
OL316633A	Hugh Stowell Scott
OL316701A	T. Jenkins Hains
OL316732A	Lily Dougall
OL316805A	Edward Everett Hale
OL316825A	Ouida
OL316828A	Harry W. French
OL316860A	Edgar Jepson
OL316861A	Florence Morse Kingsley
OL316873A	Alice Brown
OL316972A	Horatio Alger, Jr.
OL316976A	Winston Churchill
OL317224A	John Fox Jr.
OL317227A	George Bird Grinnell
OL3172562A	Eiichiro Otsu
OL317267A	Arthur Morrison
OL31727A	Bram Stoker
OL317331A	Joel Chandler Harris
OL317339A	Harold MacGrath
OL317344A	Robertson, Morgan
OL317409A	Frank Thomas Bullen
OL317415A	Mary Devereux
OL317466A	Myrtle Reed
OL317518A	Lew Wallace
OL317526A	Margaret Wade Campbell Deland
OL31827A	James Joyce
OL31862A	Ferenc Molnár
OL31872A	William Styron
OL31901A	Antoine de Saint-Exupéry
OL3195049A	Peter Christen Asbjørnsen
OL3204254A	Esmeralda Varon
OL320813A	Steele Rudd
OL32115A	Ellen Anderson Gholson Glasgow
OL3212844A	Martin Guzman
OL3214523A	Martin Luis Guzman
OL3214756A	Francisco Gil Craviotto
OL3214922A	Asturias
OL32153A	Gillian Beer
OL321738A	Alan Rodgers
OL32217A	Ridley Pearson
OL32222A	Mary McCarthy
OL32271A	Theodore Dreiser
OL32283A	Kathleen Winsor
OL32292A	Luigi Pirandello
OL3231662A	Anthony Rizcallah Ferris
OL3231692A	Hammond Innes
OL3236330A	Jens Jacobsen
OL32541A	Beatrix Potter
OL325487A	Alan Paton
OL32551A	J. Walker McSpadden
OL325801A	James A. Michener
OL32584A	Eudora Welty
OL3258606A	Julian Hawthorne
OL3261338A	Pseudo-Callisthène
OL3261339A	Aline Tallet-Bonvalot
OL32650A	Peter Straub
OL3267286A	Percival Christopher Wren
OL3269230A	J. M. Shirazi
OL32772A	Émile Zola
OL32773A	Eleanor Farjeon
OL328254A	Stella Gibbons
OL3288261A	Several Authors
OL3297607A	Percy, Lubbock
OL3298601A	Dennis Washburn
OL3303816A	Jeremy Mark Robinson
OL33088A	Dean Koontz
OL3309163A	Ellen Marriage
OL33113A	Evan S. Connell
OL331289A	Jean Stafford
OL33146A	Franz Kafka
OL332091A	Jones, David
OL33217A	Oliver Wendell Holmes, Jr.
OL33261A	Elizabeth Enright
OL33283A	Leopold Ritter von Sacher-Masoch
OL3339704A	Vance Bourjaily
OL33432A	Lewis, Janet
OL33439A	Henryk Sienkiewicz
OL33442A	Miguel de Unamuno
OL33452A	Petronius
OL33575A	Malcolm Lowry
OL33580A	Djuna Barnes
OL33585A	William Somerset Maugham
OL33600A	Saul Bellow
OL33621A	Richard Wright
OL336312A	Roger Peyrefitte
OL336474A	Michael Gold
OL33682A	Mary Eleanor Wilkins Freeman
OL3369325A	Reading
OL3371615A	Michael Nation
OL337772A	Octave Mirbeau
OL337852A	Aleksis Kivi
OL33842A	Ford Madox Ford
OL3384478A	HOUGHTON MIFFLIN
OL33909A	P. D. James
OL3394361A	W.H. White
OL34047A	Daphne du Maurier
OL340679A	Juan Valera y Alcalá-Galiano
OL340903A	James Hilton
OL340972A	M. Art͡sybashev
OL341129A	Flora Thompson
OL34125A	James Weldon Johnson
OL3417251A	Malcolm Muggeridge
OL3417821A	Alyson Waters
OL34184A	Roald Dahl
OL342112A	Holly Johnson
OL342146A	Kenneth Millar
OL342146A	Ross Macdonald
OL34221A	Isaac Asimov
OL342487A	Anne Brontë
OL343157A	Charles Stross
OL3434303A	Jennifer McMahon
OL343493A	Parker Tyler
OL34360A	Gwen Bristow
OL34485A	Colin Dexter
OL345029A	Steinberg, Milton
OL3451319A	Christopher Marlowe
OL34517A	Helen Keller
OL345358A	Arthur Hailey
OL3458871A	Colin Twinn
OL3460462A	Neale. J.M.
OL3464451A	Henry Jackson
OL3466046A	Hubert Crackenthorpe
OL3477047A	Michael Morpurgo
OL348819A	Henri Tracol
OL348830A	Eric King
OL3513928A	Reverend W. Awdry
OL35175A	Marshall Saunders
OL3517920A	Sam Thiewes
OL35183A	Kate Chopin
OL3524622A	Barrett Harper Clark
OL352591A	Edward Everett
OL3530908A	Chris Kipiniak
OL3538090A	Susan Lowndes
OL35440A	Stella Duffy
OL355069A	Jilly Cooper
OL355899A	Ignatius Donnelly
OL3572588A	Paul Champanier
OL358183A	Chōmei Kamo
OL35839A	Charles Darwin
OL3588885A	C. D. Williams
OL361442A	Ernest J. Gaines
OL36233A	Jane Dyer
OL3635733A	Rob Spence
OL3641956A	Pablo Ruiz
OL3647288A	Mulk-Raj Anand
OL365212A	Murasaki Shikibu
OL3657219A	W. H Hudson
OL36575A	Kevin J. Anderson
OL366346A	Maurice Sendak
OL3666160A	H. C. Schweikert
OL368154A	Charles Boardman Hawes
OL3698264A	Adele Garrison
OL3698354A	Steele Mackaye
OL3699732A	Alexei Tolstoy
OL370241A	Sandra M. Grayson
OL3705044A	Alison Larkin
OL371194A	Marjorie Flack
OL3732953A	Thomas Dixon Jr.
OL37503A	A. E. W. Mason
OL376677A	Ali, Ahmed
OL3769097A	John Jr.
OL3774866A	Henry William Hudson
OL37752A	Elizabeth Goudge
OL3776988A	Jason Lee
OL37887A	Margret Rey
OL3802409A	Twelve Authors
OL3810131A	Gabriel Bradford Millar
OL381867A	Carol Ryrie Brink
OL3823412A	Jim Stelljes
OL38266A	Linda Stewart
OL383980A	Padraic Colum
OL3841674A	Satomi Sugita
OL384206A	Gordon MacDonald
OL385592A	Nella Larsen
OL385813A	Edna Ferber
OL385905A	Richard Llewellyn
OL386202A	Leonard Wibberley
OL3869A	Mikhail Aleksandrovich Sholokhov
OL3871147A	W. Jacobs
OL3879483A	Kendall Warren
OL388652A	Robert Ludlum
OL389881A	Ursula Nordstrom
OL390842A	Elizabeth Jane Coatsworth
OL39125A	Sue Townsend
OL391385A	Edward Phillips Oppenheim
OL39160A	Ernest Thompson Seton
OL391958A	Julia Mood Peterkin
OL39228A	Jamichael Henterly
OL392757A	Ruth Stiles Gannett
OL39314A	Lionel Trilling
OL393889A	Nataniel Aguirre
OL3941062A	José Ortega y Gasset
OL39411A	John Fante
OL394640A	John Hersey
OL394726A	Algernon Blackwood
OL39485A	Lucy Maud Montgomery
OL395146A	Andy Adams
OL39524A	James Fenimore Cooper
OL3957115A	Sophie Bastide-Foltz
OL39597A	Betty Smith
OL396281A	Rose Wilder Lane
OL39639A	Eleanor Estes
OL39640A	Mary Norton
OL396615A	James T. Farrell
OL39750A	Mercer Mayer
OL397914A	John Creasey
OL39808A	Elizabeth Madox Roberts
OL39937A	Lord Dunsany
OL399682A	Edgar Lee Masters
OL399724A	John D. Seelye
OL40043A	Daniel Manus Pinkwater
OL4014617A	Nicola Liscutin
OL4014743A	Mathilde Mann
OL40179A	Ben Hecht
OL402238A	Anaïs Nin
OL402869A	Jean M. Auel
OL403766A	Clifford B. Hicks
OL4038782A	Irmgard Keun
OL405101A	Olive Higgins Prouty
OL408063A	Charlotte Perkins Gilman
OL408500A	Louis De Wohl
OL409642A	Ward Moore
OL410117A	Nevil Shute
OL41426A	W. H. D. Rouse
OL415781A	Catherine Parr Traill
OL417732A	Janette Sebring Lowrey
OL41785A	Knut Hamsun
OL418406A	James Daugherty
OL41961A	William Blake
OL42037A	Gabriele D'Annunzio
OL4222300A	W. Burgess
OL422396A	Herbert Aptheker
OL425291A	James Hadley Chase
OL426090A	Chris Ware
OL426869A	Nellie L. McClung
OL4278548A	Elizabeth Barrett Browning
OL4279975A	André Breton
OL4280300A	Михаил Юрьевич Лермонтов
OL4280469A	Ludovic Halévy
OL4280600A	François Rabelais
OL4280625A	François Mauriac
OL4280768A	Pedro Antonio de Alarcón
OL4280815A	Eugène Brieux
OL428165A	Charles G. Finney
OL428166A	Harold Lamb
OL4286945A	Hermann Löns
OL428743A	Ernest Borneman
OL4288429A	Bolesław Prus
OL4293168A	Gisèle Séginger
OL430694A	Georges Eekhoud
OL430813A	Jeff Smith
OL430972A	Elizabeth Jenkins
OL431822A	María Luisa Bombal
OL4320415A	John McDonough
OL4322399A	Reginald Jackson
OL4324168A	Arthur Gaskin
OL4324199A	Marie Luise Gothein
OL4324443A	Susan Ferrier
OL4326372A	Italo Calvino
OL4326986A	E. OE. Somerville
OL4327652A	Sylvia Plath
OL4328696A	Pearl S. Buck
OL4328A	Vatsyāyana
OL4334838A	Maurice Maeterlinck
OL4335284A	Amy Le Feuvre
OL4336199A	Raymond Postgate
OL434151A	Fox, John
OL4342369A	Arthur Michell Ransome
OL434658A	Anna Banti
OL43527A	Pavese, Cesare.
OL4352886A	Herman Wouk
OL4353595A	Richmal Crompton
OL4354738A	Ethel Turner
OL4358493A	Louis Slobodkin
OL436375A	Giuseppe Berto
OL4363797A	Rebecca West
OL436779A	Elsa Morante
OL4372383A	Richard Llewellyn
OL4374003A	Budd Schulberg
OL4389142A	Kurd Laßwitz
OL4392694A	Henry Roth
OL4397788A	Jean Rhys
OL440124A	Sheridan Le Fanu
OL440676A	Patrick Reumaux
OL44231A	Aleister Crowley
OL442467A	Wilbur F. Hinman
OL442995A	Eleanor Burford
OL442999A	Lorimer, George Horace
OL4432436A	John Telfer
OL4435794A	J. Jefferson Farjeon
OL44383A	Alfred Kubin
OL44391A	Pierre Loti
OL444026A	George Grossmith
OL444620A	James Clavell
OL444895A	John Steptoe
OL445009A	Francis La Flesche
OL4452514A	Douglas Reeman
OL4452557A	Anthony Price
OL4453593A	Mary Elizabeth Coleridge
OL4461249A	Ernst Simon
OL44633A	Jack London
OL448253A	Tracy Hickman
OL448478A	Lillian Eugenia Smith
OL448596A	Budd Schulberg
OL448782A	E. A. Wyke-Smith
OL448937A	Walter D. Edmonds
OL449104A	A. B. Guthrie
OL449660A	Harriet Doerr
OL450307A	Eloise Jarvis McGraw
OL450538A	Mark Helprin
OL45098A	Elsa Triolet
OL451814A	Charles Jackson
OL4519252A	Ruth Fuller Sergel
OL4522096A	Marti n Luis Guzma n
OL452335A	Winston Graham
OL4527630A	Cesare Pavese
OL453859A	Wallace Thurman
OL45468A	Marguerite Duras
OL455803A	Josephine Winslow Johnson
OL4558397A	Raymond Macdonald Alden
OL456362A	Edward Bellamy
OL456666A	Ethel Mannin
OL457425A	Ralph Connor
OL457723A	Patrick White
OL457872A	Frances Louise Davis Lockridge
OL458848A	Horace McCoy
OL4620519A	Bryan Hunt
OL4621647A	David Caute
OL46216A	Иван Алексеевич Бунин
OL462466A	Michael Foreman
OL4625011A	J. O'Hara
OL464132A	Ernest H. Shepard
OL465130A	John Dickson Carr
OL4683A	Munshi Premchand
OL468539A	Arthur Stanley Maxwell
OL469495A	Andreas Latzko
OL4700336A	Cloudesley Brereton
OL470666A	David Garnett
OL471601A	Dorothy Richardson
OL471665A	George A. Birmingham
OL4724488A	Willard Price
OL472845A	Raymond Radiguet
OL4728946A	Barbara Pym
OL472979A	Manuel Chaves Nogales
OL4736262A	Valentine Davies
OL47492A	Christopher Morley
OL47639A	Isaak Babel
OL4767104A	Thomas Gifford
OL4771703A	Simon Callow
OL4777673A	Steve Berry
OL4778096A	Henry Williamson
OL4783257A	Graham Brown
OL4786420A	Percy Lubbock
OL47908A	Александр Сергеевич Пушкин
OL4795384A	Anna Green
OL4799333A	Susan Stewart
OL4802065A	Mulk Raj Anand
OL4802070A	Mulk Raj Anand
OL48119A	Stephen Leacock
OL48139A	Vladimir Nabokov
OL482364A	Pierre Carlet de Chamblain de Marivaux
OL4829695A	Christiane Duchesne
OL48458A	André Gide
OL486298A	Ring Lardner
OL4876635A	William Morris
OL4902154A	H. Q. Mitchell
OL49026A	Emilia Pardo Bazán
OL492102A	Agnes C. Laut
OL4944913A	Robert Luis Stevenson
OL49700A	Selma Lagerlöf
OL497213A	Keith Hale
OL498776A	Louis Hémon
OL49934A	Grant Morrison
OL49991A	Barbara Cohen
OL500364A	James Barr
OL50109A	E. F. Benson
OL5013618A	Agnes Smedley
OL50251A	James Leslie Mitchell
OL5025643A	George Kerr
OL503853A	Martín Luis Guzmán
OL5057233A	Alfred Perceval Graves
OL507165A	Shirley Jackson
OL50741A	André Malraux
OL509133A	Leonard Lewisohn
OL511114A	Mario Giacomelli
OL5116752A	Audrey Wood
OL511710A	W. Jenkyn Thomas
OL513270A	Andrew Barton 'Banjo' Paterson
OL513785A	Clarence Edward Mulford
OL5148378A	Jesmyn Ward
OL51716A	Vincent O'Sullivan
OL51998A	谷崎潤一郎
OL52008A	Hugh MacLennan
OL521381A	Vicki Baum
OL521473A	Ernest Howard Crosby
OL52180A	Margaret Mazzantini
OL5244249A	Chʻeng-en Wu
OL52486A	Peadar Ó Laoghaire
OL526989A	Glenway Wescott
OL527120A	Eric Knight
OL527374A	Eden Robinson
OL5279276A	Tamar Mishmar
OL529915A	Virginia Lee Burton
OL530290A	Monica Dickens
OL532139A	N. C. Wyeth
OL53305A	Neil Gaiman
OL533155A	Ève Tharlet
OL534194A	Gold, Michael
OL535666A	Chris Riddell
OL53680A	Naomi Mitchison
OL53779A	Friedrich Hölderlin
OL538087A	Olaf Stapledon
OL539397A	Eric Ambler
OL539458A	Radclyffe Hall
OL540486A	J. D. Salinger
OL540493A	Norman Douglas
OL5410980A	Miguel Angel Astruias
OL5422622A	Agnes Smedley
OL5436174A	Richard Pevear (translator)
OL54405A	Filippo Tommaso Marinetti
OL544344A	Nathanael West
OL545566A	Cary D. Wintz
OL546333A	Phil Stong
OL54758A	Christian Jacq
OL548483A	Edward Eggleston
OL5489432A	William Henry Hudson
OL549458A	Ethel C. Brill
OL549459A	Kathryn Worth
OL551881A	Leopold Kompert
OL552852A	Robert E. Howard
OL553226A	Joseph Furphy
OL554155A	Arthur Machen
OL5580111A	Samuel Rutherford Crockett
OL558099A	B. Traven
OL5590569A	John Stewart Williamson
OL559804A	Bernardine Evaristo
OL560261A	C. P. Snow
OL560317A	Michael Innes
OL5609281A	Siegfried Sassoon
OL561107A	Noel Streatfeild
OL561457A	Gustav Meyrink
OL56244A	Montague Rhodes James
OL5630015A	Gerald Martin
OL56353A	Boris Vian
OL5661719A	Josep Lozano
OL56636A	Mikhail Evgrafovich Saltykov-Shchedrin
OL5676117A	Nathaniel Rich
OL5703637A	Agnès Castiglione
OL57263A	George Gissing
OL575542A	Rudolph Fisher
OL575609A	Cornelia Meigs
OL576232A	Jens Peter Jacobsen
OL577477A	Richard Lockridge
OL577783A	Elizabeth Daly
OL578113A	Kate Douglas Smith Wiggin
OL578337A	Maud Hart Lovelace
OL578569A	Beryl Markham
OL578737A	Joseph Moncure March
OL578783A	Edwin Lefèvre
OL580551A	James M. Cain
OL580795A	Willard Huntington Wright
OL581406A	Arthur Christopher Benson
OL581500A	Lucretia P. Hale
OL5816217A	Eleanor Hodgman Porter
OL58174A	Henry Williamson
OL581882A	Robert Lewis May
OL58198A	Elizabeth Bowen
OL58212A	Arnold Zweig
OL583194A	Jessie Redmon Fauset
OL584955A	Kathrine Kressmann Taylor
OL5868319A	Martín Luis Guzmán
OL586886A	DuBose Heyward
OL589077A	Diana Frederics
OL589400A	George Francis Lowther
OL58950A	Paul Gauguin
OL590889A	Eliza Calvert Hall
OL5911201A	Rasipuram Krishnaswamy Narayan
OL591204A	Saki
OL5916532A	Marjorie Lowry Christie Pickthall
OL59188A	Ayn Rand
OL593898A	Oliver La Farge
OL5940936A	Anthony C. Yu
OL5942629A	Winifred Holtby
OL595213A	Hergé
OL5953167A	A. J. Alexander
OL597559A	Dolores Turchi
OL5983176A	Martin Ross
OL5988813A	John
OL5990577A	John Fox
OL5990843A	Mary Raymond Shipman Andrews
OL5991559A	Lafcadio Hearn
OL5992216A	Weedon Grossmith
OL5992432A	Scheherazade
OL5993904A	Charlotte Mary Yonge
OL5994882A	Benjamin Ricketson Tucker
OL6000373A	Norman Douglas
OL6001513A	Cecil John Charles Street
OL6015010A	Charles Joseph Staniland
OL6020645A	Richard Hooker Wilmer - undifferentiated
OL602587A	Thomas Head Raddall
OL6026147A	Plimpton Press
OL6028715A	Elias Lieberman
OL6030603A	Velma Swanston Howard
OL60458A	Giovannino Guareschi
OL605044A	Victor Appleton
OL6061552A	Harriet Roosevelt Richards
OL607039A	Helen Waddell
OL607395A	Blair Niles
OL60791A	Pío Baroja
OL6080567A	Henry Mills Alden
OL608235A	Wu Cheng'en
OL6084190A	Bertha Stuart
OL6086971A	George Grossmith
OL61295A	Hermann Broch
OL61475A	Jerzy Andrzejewski
OL615934A	Kimberley Reynolds
OL619035A	Tony Carpentieri
OL6192175A	Catherine Augusta WALTON
OL62102A	Halldór Laxness
OL6216337A	Ellen O'Connor
OL6216743A	Camio José Cela
OL6225644A	Anzia Yezierska
OL623734A	Richard Hull
OL6274279A	Dawn Powell
OL6287601A	Ivo Andrić
OL62888A	Richard Marcinko
OL62982A	Betty Cavanna
OL63258A	Sir Max Beerbohm
OL63285A	Simone de Beauvoir
OL637216A	R. D. Blackmore
OL640385A	Frans Gunnar Bengtsson
OL6421834A	Robert Tressell
OL64296A	Tony Kushner
OL6431429A	Laura Freixas
OL6449688A	Alberto Cardín
OL6478250A	Laura Richards
OL6499041A	Helen Edmundson
OL65273A	I͡Uriĭ Karlovich Olesha
OL6529932A	Andrew D. Radford
OL6539768A	Alice Dalgliesh
OL6541308A	Adrian H Jaffe
OL65682A	Katherine Mansfield
OL6571234A	Yuri Herrera
OL657901A	George W. Stocking
OL659046A	Xiaoxiaosheng.
OL659498A	Carolyn Treffinger
OL65966A	August Strindberg
OL6619666A	Nisi Shawl
OL66452A	Miguel de Cervantes Saavedra
OL66700A	Paulo Coelho
OL6722249A	Carol Ann Duffy
OL673325A	Rainer Maria Rilke
OL673748A	Bertolt Brecht
OL67707A	Arthur Koestler
OL677865A	Irwin Shaw
OL6787831A	Patrick MacGill
OL6788580A	Edward Bellamy
OL6809750A	Иван Минчов Вазов
OL6815747A	Eleanor Atkins
OL6816362A	Keith Ward
OL6817796A	Richard Wright - undifferentiated
OL6818025A	Winston Churchill - undifferentiated
OL6819358A	Frances Little
OL6824A	Walker, Hugh
OL68313A	William Hope Hodgson
OL68315A	William Le Queux
OL683896A	Tsʻao, Hsüeh-chʻin.
OL68455A	Margery Williams Bianco
OL6851831A	Amy Puetz
OL685619A	Phoebe Atwood Taylor
OL6859020A	Richard Hooker Wilmer
OL685975A	David Coward
OL68704A	Benito Pérez Galdós
OL687981A	Craig Rice
OL688142A	Alexander Serafimovich
OL688643A	Eric Rücker Eddison
OL6886576A	Lord George Herbert
OL6898863A	E. M. Forster
OL6899222A	Molière
OL689972A	Morley Callaghan
OL6901900A	Phyllis Rowand
OL690355A	Claire Huchet Bishop
OL6905570A	Philip Larkin
OL6924798A	Sir Compton Mackenzie
OL6925939A	Joseph Jacobs
OL6926367A	Frank R. Stockton
OL693025A	Konstantin Fedin
OL6941822A	Koritha Mitchell
OL694301A	Alan Patrick Herbert
OL694360A	Arthur Quiller-Couch
OL6949516A	Margaret Mazzantini
OL6962599A	Dornford Yates
OL6968803A	Helen Aberson
OL6968990A	Anthony Price
OL6981084A	Bernadette Watts
OL6983699A	Orla Kiely
OL6987430A	Anita C. Nelson
OL6988036A	Gerri Kimber
OL70227A	Dmitry Sergeyevich Merezhkovsky
OL70343A	Auguste comte de Villiers de L'Isle-Adam
OL70348A	Richard Marsh
OL7073972A	Jason Mott
OL70788A	Hans Fallada
OL70874A	Horacio Quiroga
OL709314A	Jonathan Davis
OL70948A	Jean-Paul Sermain
OL709550A	Patricia Wentworth
OL710654A	Mary Renault
OL7106665A	Chris Colfer
OL711625A	Kay Boyle
OL7123339A	Vicente Blasco Ibáñez
OL712383A	Louis Slobodkin
OL71308A	Ernst Cassirer
OL713108A	Jack Schaefer
OL714210A	Walter Van Tilburg Clark
OL714442A	Helen MacInnes
OL714657A	太宰 治
OL71477A	Jaroslav Hašek
OL715014A	Leo Politi
OL715297A	Edmund Crispin
OL715648A	Charles Major
OL715817A	Katharine Burdekin
OL71598A	Ḥāfiẓ
OL716992A	Nathaniel Benchley
OL7173504A	Allie Brosh
OL7184407A	Der Nister
OL719256A	Frances Smith Foster
OL7224757A	John O'Hara
OL722936A	Enda Duffy
OL723913A	Judith Mayne
OL725921A	Pamela Kennedy
OL7272022A	B. T. B. (Basil Temple Blackwood), 1870-1917
OL727617A	Kenneth Fearing
OL72851A	Arturo Uslar Pietri
OL728636A	Hugh Garner
OL7297273A	Paul Boehmer
OL7303276A	Hercule Poirot
OL73090A	Eça de Queiroz
OL7315206A	Oliver Wyman
OL7317496A	Richard Wright
OL7328506A	Adrian Bradbury
OL73351A	Luis Buñuel
OL7337718A	Ruth Chrisman Gannett
OL7346331A	Jeffrey Stewart Timmins
OL7379579A	Q
OL743153A	Antonia White
OL7432057A	Martín Luis Guzmán
OL7434699A	Owen Wister
OL74403A	Іван Франко
OL74469A	Theodor Fontane
OL74490A	Mario Vargas Llosa
OL745928A	Verner von Heidenstam
OL7470491A	Howard Pyle
OL747214A	R. C. Sherriff
OL7479068A	William F. Nolan
OL7480823A	O. Henry
OL7481654A	Edward E. Smith
OL7485066A	Eric J. Guignard
OL7490356A	Ring Lardner
OL74978A	Mór Jókai
OL7499493A	Zack Davisson
OL7513496A	Martha King
OL75235A	Sir Walter Scott
OL7532933A	Maddie Frost
OL7533080A	Alexandra Boiger
OL7546030A	Alaska Angelini
OL7547636A	Samuel Hopkins Adams
OL7548358A	H.Y. Xiao PhD
OL7552034A	James Oliver Curwood
OL7553925A	(qing) Cao, xue qin
OL7568297A	Weedon Grossmith
OL756864A	David Lindsay
OL7597674A	Yayoi Kusama
OL76009A	Walter Farley
OL761501A	Laura Lee Hope
OL7623061A	Brian Bartlett
OL7623096A	John Fante
OL7625969A	Cao xue qin
OL7628788A	Matthew Stavros
OL7632339A	Thomas Mallon
OL763964A	Anthony Gilbert
OL76437A	Hermann Hesse
OL765158A	Maxine Paetro
OL7654716A	Michael Hofmann
OL765579A	Katherine Milhous
OL765631A	William Alexander Gerhardie
OL7656712A	Neil Campbell
OL766145A	Vorse, Mary Heaton
OL766555A	Georgette Heyer
OL767343A	Georges Ivanovitch Gurdjieff
OL7678129A	R.F. Gilmor
OL7680902A	Gray Dixon
OL76827A	Alessandro Baricco
OL769457A	A. Merritt
OL769474A	Christopher Manson
OL769654A	Lee McCann
OL770107A	Elizabeth Marie Pope
OL77081A	John Galsworthy
OL77089A	W. H. Hudson
OL771377A	R. Austin Freeman
OL772829A	Margaret Oliphant
OL7733747A	Mary Shepard
OL773783A	D. E. Stevenson
OL774458A	Harold L. Davis
OL774728A	Bell, Thomas
OL774814A	Cyril Hare
OL7761155A	Carroll Burleigh Colby (1904-1977)
OL776899A	Paul Gallico
OL777018A	Michael Lynberg
OL777790A	Stuart Palmer
OL778165A	Valentine Davies
OL7783049A	Pascal Covici, Jr.
OL778567A	Cathleen Schurr
OL7791183A	Malcom Cowley
OL7803817A	Roz Lee
OL781814A	Oriana Fallaci
OL7830906A	Katherine Kellgren
OL783392A	Gustaf Tenggren
OL78805A	George Meredith
OL78815A	Olive Schreiner
OL788378A	David Lorimer
OL7885493A	Yoko Ogihara
OL7885494A	Fernando Cordobés
OL788913A	Tereska Torrès
OL7893211A	John Terraine
OL7896048A	E. E. Cummings
OL79003A	S. J. Perelman
OL79039A	Gustave Flaubert
OL79066A	Bette Greene
OL7908367A	Ulrich Baer
OL7921283A	Christine Donougher
OL7923753A	John D Batten
OL7923754A	Gloria Cardew
OL793242A	Leo Calvin Rosten
OL7932848A	Noemí Risco Mateo
OL7933943A	Success Oceo
OL7934667A	A. Milne
OL79396A	Fyodor Sologub
OL7942110A	Paul Mirecki
OL794534A	C. H. B. Kitchin
OL7945937A	James Fouhey
OL79477A	Lin, Yutang
OL794876A	Ryūnosuke Akutagawa
OL7952135A	Adam Verner
OL795451A	A. J. Cronin
OL79624A	ʻUmar ibn Muḥammad Nafzāwī
OL79640A	Giacomo Puccini
OL79720A	Harry Stillwell Edwards
OL7983937A	Richard Scarry
OL7991014A	Laura Manero Jiménez
OL8013654A	Lisa Dillman
OL8015333A	Dolors Udina Abelló
OL8016149A	Paul Lantz
OL8029615A	Raoul Vitale
OL80426A	Ramón J. Sender
OL8043898A	Jane Ray
OL80534A	Lope de Vega
OL809238A	Lynd Ward
OL8106074A	Marta Pera Cucurell
OL812291A	Robert Lawson
OL8150316A	Jin-kyeong Lee
OL8160A	Mulk Raj Anand
OL8176287A	Jonathan Senchyne
OL8176288A	Brianne Jaquette
OL82155A	Claire Keegan
OL8240157A	David Goldfarb
OL8248349A	Mark Hussey
OL8248605A	The Gunston Trust
OL828263A	Rebecca Caudill
OL82868A	Miguel Ángel Asturias
OL82891A	Juan Ramón Jiménez
OL8293860A	H. Warner Allen
OL829563A	Eiji Yoshikawa
OL829834A	W. Heath Robinson
OL830214A	D'Arcy McNickle
OL831217A	Isabel Meredith
OL8315419A	Harrison Fisher
OL8318277A	Agnes Sims
OL833641A	Lee Kingman
OL834168A	Slobodkina, Esphyr
OL835013A	Louise Rankin
OL83503A	Alphonse Daudet
OL8361345A	Foy Scalf
OL836234A	Monica Shannon
OL8370471A	Mint Editions
OL83751A	Camilo José Cela
OL838091A	Caroline Pafford Miller
OL838362A	Pietro Di Donato
OL839555A	Sarah Grand
OL840166A	Berta Hader
OL840183A	Leo Bruce
OL8402024A	Craig Trahan
OL8402543A	Lee Giles
OL840964A	Okakura Kakuzō
OL841130A	Richard Atwater
OL841208A	Marcia Davenport
OL841402A	Jean Webster
OL8424664A	Max Brand
OL8447748A	Richard Dannay
OL8465367A	David Soler García
OL8477044A	Ferran Ràfols Gesa
OL849503A	Roberta Leigh
OL8515347A	Catherine Babok
OL8516079A	Susannah Mary Paull
OL85357A	Jacques Roumain
OL8591582A	E E Doc Smith
OL8597178A	CrossReach Publications
OL864542A	Thomas Mofolo
OL8648916A	SD Simper
OL865536A	Mary Gladys Meredith Webb
OL866294A	Rachel Ferguson
OL866650A	Ritchie Robertson
OL8670959A	Oriana Fallaci
OL86757A	Jean Cocteau
OL872154A	José Díaz Fernández
OL879668A	Harold Bindloss
OL879719A	Patrick MacGill
OL88204A	Erich Kästner
OL888434A	E. M. Delafield
OL888663A	Kathryn Blair
OL888706A	Felix Salten
OL88882A	Friedrich Hebbel
OL889814A	Christianna Brand
OL889822A	Myles Connolly
OL890163A	Aubrey Vincent Beardsley
OL890833A	Kate Seredy
OL891488A	Rose Macaulay
OL891528A	Charles Henri Ford
OL891758A	Mary O'Hara
OL892147A	Ida Cook
OL892147A	Mary Burchell
OL893532A	Don Wood
OL894074A	Catherine Woolley
OL894534A	Michael Glenny
OL8961129A	Lucile Morrison
OL8961130A	Franz Geritz
OL8961131A	Franz Geritz
OL896624A	Leslie Charteris
OL904198A	Caryl Brahms
OL904271A	Anonymous
OL906030A	Pierre Souvestre
OL9082662A	William Sutherland Sir
OL9084876A	Jeanne de Salzmann
OL9085060A	Frank Merrill
OL9092651A	Ann Petry
OL910273A	Holling Clancy Holling
OL9103427A	Aliza Shevrin Shevrin
OL9107789A	David Crommett
OL9119145A	Qem Classic
OL9119578A	The Full Cast Family Cynthia Bishop
OL9141195A	Rafael Blanco
OL9147239A	María Belmonte Barrenechea
OL915070A	Ödön von Horváth
OL91522A	Anatole France
OL9161902A	Anna Katharine Green
OL916848A	Roger Duvoisin
OL9170791A	Ellie Schleussner
OL917138A	Norman Lindsay
OL9172169A	John Temple Graves
OL9209348A	William James Jordan
OL9213640A	John Dickson Batten
OL9216769A	Fergus Hume
OL9220446A	STEELE MACKAYE
OL9220447A	Mary Keith Medbery MacKaye
OL9240572A	Wendy Hillier
OL92518A	Theodor Storm
OL9258393A	Éditions CdBF
OL9259444A	Amy Catherine Deck Walton
OL9260057A	edibooks
OL9260607A	Miguel Asturias
OL9265665A	Sara Lopez
OL9277378A	. Stephen
OL92779A	Rachel Field
OL92800A	Omar Khayyam
OL9288156A	Mrs. Steele Mackaye
OL9297879A	Mary Keith Medbery Mackaye
OL93118A	Clarice Lispector
OL93286A	Machado de Assis
OL933243A	Adolfo Caminha
OL9338560A	Fanny Le Breton
OL93432A	Mário de Andrade
OL9355783A	Gerard Doyle Dr
OL9360144A	H y Xiao Phd
OL9385978A	Amara Saldaña
OL9388A	William Shakespeare
OL9397813A	Jeff Smith
OL9428816A	J. Cohn
OL9428817A	J. Cohn
OL943084A	Mazo de la Roche
OL9440312A	Umeji Sasaki
OL9460751A	Kazuko Komine
OL946631A	Jessamyn West
OL9474818A	Allen Lewis
OL9477965A	H. S. De Lay
OL947807A	Inez Haynes Gillmore
OL947964A	Peter Hainsworth
OL9479804A	Matthew Hodgson
OL9494793A	Graeme Wilson
OL9505024A	Neil Hannon
OL951137A	Geoffrey Trease
OL951438A	Ernest Bramah
OL951654A	Jo Labanyi
OL951984A	Samuel Hopkins Adams
OL952381A	Stella McNichol
OL952410A	Robert McCloskey
OL952964A	Kurt Wiese
OL954408A	Willard Motley
OL955424A	Munro Leaf
OL955613A	Wesley Dennis
OL955690A	Richard Ellmann
OL956671A	Hjalmar Söderberg
OL9567913A	John Frederick (Max Brand)
OL9572684A	Patty Nicole Johnson
OL957796A	Richard Hughes
OL9600860A	Howard Rubin
OL9617632A	Joseph JACOBS
OL9622051A	Tyrol Kobata
OL9622052A	Chiroru Kobata
OL9626338A	U. M. V. UMV Publishing
OL963361A	Maximo M. Kalaw
OL9644276A	jaime arbe
OL964706A	Leonard Woolf
OL9650732A	J. K. Jomkhwan
OL9656039A	Edith V.B. MATTHEWS
OL9690296A	Ernest Vizetelly
OL9708655A	Kestra Gravier
OL9708656A	Arlee Scott
OL9769832A	JoAnn M. Mirlenbrink
OL9776484A	Levi Soucy
OL9776514A	Laughing Books
OL9777A	James Allen
OL981787A	Dmitry Furmanov
OL9855685A	L. Oulton
OL9861807A	gabriel zarraga
OL986502A	Ralf Peters
OL9880679A	F.B. Miggles Harte
OL9895020A	Alexei Tolstoy
OL990216A	Rosamond Lehmann
OL9904721A	Noel Arthur
OL990605A	Ihara Saikaku
OL9914368A	Aleksey Tolstoy
OL993246A	Ellis Parker Butler
OL993249A	Marietta Holley
OL9942206A	Beatriz Martín Vidal
OL9949450A	Amelia Pérez de Villar Herranz
OL998925A	Stuart Pratt Sherman
