OL1004630A	Geoffrey Household
OL1007072A	Eugene Jackson
OL10082744A	Joanna Proenza
OL1009724A	Robert Lipscomb Duncan
OL1010168A	H. Igor Ansoff
OL10114279A	Q. W. ESAMN Publication
OL10114514A	Q. W. ESAMNU Publication
OL10114969A	Q. W. ESFGH Publication
OL1013641A	Joanna Martine Woolfolk
OL10149916A	Q.B. Tyler
OL1034117A	George Douglas Brown
OL10463115A	Purple Calico Purple Calico Press
OL10528528A	Michael Tuthill
OL107569A	Dale Carnegie
OL107569A	OL7510923A	Dale Carnegie	Kaneiji Dale
OL107571A	Victor Hugo
OL1078439A	Bruce McKeown
OL107911A	George Bernard Shaw
OL108070A	Adolf Hitler
OL108123A	Herbert Spencer
OL108289A	OL6048633A	John Stuart Mill	Louis Peisse
OL108452A	Sigmund Freud
OL10871268A	Christopher Morley
OL10875629A	Bobbi Anne White (Vrajavala)
OL10898888A	michael tuthill
OL1096272A	Alistair MacLean
OL109674A	Will Durant
OL10968A	Walter Pater
OL10976969A	Rayna Gangi
OL11149A	Sophocles
OL11176241A	Amy's Halo
OL11186570A	Harriet Flora
OL1122110A	OL2924471A	OL153463A	Brenda Apsley	Gill Guile	Spyri, Johanna
OL1123585A	OL2629468A	OL2031012A	OL2622796A	Layton, Edwin T.	Edwin T. Layton	Roger Pineau	John Costello
OL112771A	Ben Jonson
OL112829A	OL6970932A	Benedict Saint, Abbot of Monte Cassino.	Benedict Saint, Abbot of Monte Cassino
OL112972A	Thomas More
OL113362A	Charlotte Brontë
OL113611A	Jules Verne
OL113828A	Elizabeth Cleghorn Gaskell
OL114007A	Jane Addams
OL114291A	OL9388A	John Fletcher	William Shakespeare
OL1151228A	Nikolay Ostrovsky
OL115203A	OL3064091A	Alfred Adler	Colin Brett
OL115331A	Jane Taylor
OL116241A	Johan Huizinga
OL116544A	Algernon Charles Swinburne
OL116645A	Hugh Walpole
OL116826A	René Descartes
OL117166A	James Stephens
OL1171938A	OL3917041A	OL3136405A	Aulus Cornelius Celsus	Celse	G. Serbat
OL117429A	Charles Baudelaire
OL1175057A	Margaret Way
OL117592A	Jean-Paul Sartre
OL117687A	J. B. Priestley
OL117843A	Friedrich A. von Hayek
OL118077A	George Orwell
OL1189179A	Dennis Stanton
OL119432A	OL2747985A	OL442732A	Allan Nevins	Henry Steele Commager	Jeffrey Morris
OL1197948A	Earl K. Bowen
OL1199185A	Stephen Birnbaum
OL120205A	Marcel Proust
OL120346A	OL2745528A	OL2338232A	OL24638A	OL22242A	OL19677A	OL26681A	OL28127A	OL18319A	OL21093A	OL32271A	OL12267574A	OL12987021A	OL1745911A	OL11440261A	OL11467733A	OL11528567A	OL11529351A	OL11557647A	OL3524622A	Barrett Harper Clark	Barrett H. Clark	Maxim Lieber	Charles Dickens	Фёдор Михайлович Достоевский	Антон Павлович Чехов	Nathaniel Hawthorne	Edgar Allan Poe	Mark Twain	Ambrose Bierce	Theodore Dreiser	BARRETT H. CLARK	CLARK AND LIEBER	Gerda Charles	Clark, Barrett H.; Lieber, Maxim	Barrett H. & Maxim Lieber Clark	Clark, Barrett H. / Lieber, Maxim	Barrett H. and Maxim Lieber Clark	Clark & Lieber	Barrett Harper Clark
OL1208033A	David Starkey
OL120822A	OL3217014A	Euclides da Cunha	M. M. Kucinski
OL122169A	Erich Maria Remarque
OL123087A	OL2635589A	George C. Kent	Robert K. Carr
OL123122A	John Dos Passos
OL124171A	Albert Camus
OL126919A	Kenneth Clark
OL12823A	Πλάτων
OL12946722A	Planisphere Q
OL129758A	Jean Genet
OL13066A	H. G. Wells
OL13192A	Henrik Ibsen
OL13193A	Johann Wolfgang von Goethe
OL1347493A	Edwin Hardin Sutherland
OL134797A	Saint Bede the Venerable
OL1348213A	Madeleine Korbel Albright
OL135082A	OL2666437A	OL773437A	Marcus Junianus Justinus	Justin	Waldemar Heckel
OL135127A	Isak Dinesen
OL135196A	Iris Murdoch
OL135531A	Robert Musil
OL13627648A	Doug Osness
OL13640A	Ernest Hemingway
OL13723332A	John Poma
OL13748677A	Rob Wheeler
OL138059A	John Meade Falkner
OL13814105A	Alfred W. Maina
OL1385386A	OL7301397A	Lisa Jackson	Joyce Bean
OL138789A	OL10537532A	Georges-Louis Leclerc, comte de Buffon	Georges Louis Leclerc De Buffon
OL1388005A	Doreen Cronin
OL1388341A	Maureen Johnson
OL1389873A	Erin Hunter
OL1391085A	Stephenie Meyer
OL1392395A	Eoin Colfer
OL1392583A	Darren Shan
OL1392722A	Anthony Doerr
OL1393502A	Chimamanda Ngozi Adichie
OL1393795A	David Brooks
OL1394023A	OL2865776A	Gabrielle Zevin	Scott Brick
OL1394231A	John Scalzi
OL1394359A	OL12737091A	Suzanne Collins	Suzanne Collins
OL1394359A	Suzanne Collins
OL1394865A	Brandon Sanderson
OL1394989A	Shannon Hale
OL1396229A	Stephan Pastis
OL1400004A	OL3499740A	Lewis Vaughn	Chris MacDonald
OL1401662A	Mo Willems
OL1412764A	Khaled Hosseini
OL1412764A	OL15860736A	Khaled Hosseini	Kh Khosseini
OL1415051A	Tom McGregor
OL1418396A	Vladimir Kopicl
OL1422258A	John Jackman
OL142404A	T. H. White
OL1424304A	OL7295855A	OL3249111A	Sara Gruen	David LeDoux	John Randolph Jones
OL1425869A	Markus Zusak
OL1425963A	Christopher Paolini
OL1426790A	Richard Yancey
OL1429181A	James Keeler
OL143103A	Boethius
OL14323117A	Alicia Radford
OL1432532A	John Boyne
OL1433006A	Gillian Flynn
OL1433889A	Vikas Swarup
OL1435536A	Saundra K. Ciccarelli
OL1436339A	Liane Moriarty
OL14370A	OL7681924A	OL3160488A	OL3092921A	OL9031327A	OL4384655A	Che Guevara	Ann Wright	Ernesto; Wright, Ann (translator) Guevara	Aleida Guevara	Walter Salles	Cintio Vitier
OL14411757A	My Personal My Personal Journals
OL144195A	Erwin Kreyszig
OL1452170A	Daisy Meadows
OL145574A	Ludwig Wittgenstein
OL146425A	Jean Leduc
OL146605A	Edgar Rice Burroughs
OL14705469A	Hemlock Hemlock Moon
OL1476359A	OL10484195A	Jennifer Donnelly	Bea Miller
OL1478799A	Jojo Moyes
OL1479823A	OL12552279A	OL9118535A	Alice Sebold	Dunow and Carlson Lit. Agency	Maria Roura Mir
OL1480103A	Laura Hillenbrand
OL1482402A	Max Brooks
OL15035534A	日外アソシエーツ
OL150767A	OL2633201A	OL2635669A	OL2635670A	OL2638611A	OL2640732A	OL2640733A	OL7807039A	Ferdinand Pierre Beer	E. Russell Johnston, Jr.	William E. Clausen	George Staab	Elliot R. Eisenberg	David Mazurek	Phillip J. Cornwell	Brian Self
OL150767A	OL2633201A	OL2635669A	OL2640733A	OL2635670A	OL7403701A	Ferdinand Pierre Beer	E. Russell Johnston, Jr.	William E. Clausen	Phillip J. Cornwell	George Staab	Self Brian P.
OL1514025A	James Dashner
OL1516632A	OL2897709A	OL247452A	Paige Wilson	Paige L. Wilson	Teresa Ferster Glazier
OL151749A	Margaret Mitchell
OL1517670A	OL6915179A	Kevin Beaver	Jutta Schmidt
OL1519677A	OL2626418A	Denise Zimmermann	Katherine A. Gleason
OL1520766A	Paul A. Nigro
OL152307A	Hugh Lofting
OL153463A	Spyri, Johanna
OL1549784A	Sarah Morgan
OL1568927A	Christine Wilding
OL158901A	Mrs. Susanna (Haswell) Rowson
OL158938A	OL6529932A	Marie Corelli	Andrew D. Radford
OL1592632A	Canada Land Inventory.
OL160143A	OL2897518A	OL2897519A	Thomas de Littleton	Thomas Littleton	Eugene Wambaugh
OL1602905A	Quincy Jones
OL1606245A	Kwame Alexander
OL1608059A	Evan J. Mandery
OL1609115A	Gayle Angus Pearson
OL161167A	Arthur Conan Doyle
OL162098A	Carlo Collodi
OL162596A	Andrew Carnegie
OL162974A	OL27824A	W. W. Rouse Ball	H. S. M. Coxeter
OL1639676A	Bosse Gustafson
OL1643202A	OL121503A	OL2007758A	OL1123867A	Allen Kent	Harold Lancour	William Z. Nasri	Jay Elwood Daily
OL164363A	Alexandre Dumas fils
OL164746A	Titus Lucretius Carus
OL1679227A	John Mason
OL168048A	William D. Thornbury
OL1690885A	J. L. Austin
OL16944A	Denis Diderot
OL170469A	Thomas Malory
OL17243A	Dwight D. Eisenhower
OL173085A	Knut Schmidt-Nielsen
OL173760A	نجيب محفوظ
OL1762323A	OL2787207A	OL3560232A	Bobby Fischer	Stuart Margulies	Donn Mosenfelder
OL1766758A	James Branch Cabell
OL1769119A	Richard O'Connor
OL17851A	Maxwell Maltz
OL17943A	OL2751739A	Benjamin Spock	Michael B. Rothenberg M.D.
OL1801025A	Eugene Burdick
OL18053A	Edith Nesbit
OL1810953A	OL2676166A	James Leo Herlihy	James Herlihy
OL18112A	John Bunyan
OL18236A	Alexandre Dumas
OL18236A	OL2529442A	Alexandre Dumas	Auguste Maquet
OL18271A	Charles Lamb
OL18271A	OL589880A	Charles Lamb	Mary Lamb
OL18277A	Thomas Hardy
OL18283A	Daniel Defoe
OL18283A	OL4356517A	OL4368118A	OL10875421A	OL532139A	Daniel Defoe	J. J. Grandville	Petrus Borel	Les éditions du Rey	N. C. Wyeth
OL18298A	Henry Fielding
OL18319A	Mark Twain
OL18394A	Edward Bulwer Lytton, Baron Lytton
OL18404A	Όμηρος
OL184612A	OL1114265A	OL3824371A	OL4636934A	Thomas Dilworth	Moses Browne	William Deane	Robert Patterson
OL184781A	Giles Lytton Strachey
OL18485A	United States
OL18524A	Gilbert Keith Chesterton
OL18524A	OL13608013A	Gilbert Keith Chesterton	Catholic Way Publishing Staff
OL18528A	John Buchan
OL1862628A	Keith Murphy
OL186678A	Luther Blissett
OL188486A	Mario Puzo
OL18901A	Charles Portis
OL189061A	John V. Thill
OL18928A	Jorge Luis Borges
OL18928A	OL76889A	OL67141A	OL794876A	OL50694A	OL57938A	OL450788A	OL402789A	OL63258A	OL21093A	OL9144774A	OL133457A	OL9144776A	OL24137A	OL254706A	OL22736A	OL16934A	OL1329087A	OL1836313A	OL107593A	OL22098A	OL18524A	OL333978A	OL86757A	OL2631008A	OL476175A	OL376370A	OL3665032A	OL3141150A	OL2689875A	OL53103A	OL114411A	OL26681A	OL7820166A	OL160918A	OL31827A	OL3203500A	OL33146A	OL24461A	OL62912A	OL554155A	OL113574A	OL29388A	OL294424A	OL1140179A	OL9144779A	OL124778A	OL9144780A	OL1858215A	OL33452A	OL1992970A	OL28127A	OL68149A	OL4280600A	OL591204A	OL2399792A	OL2666153A	OL538087A	OL24981A	OL26783A	OL558099A	OL683896A	OL70343A	OL32293A	OL1391432A	OL2588771A	OL126394A	OL20646A	OL785191A	OL2448140A	OL25342A	OL608235A	OL21207A	OL7344211A	Jorge Luis Borges	Silvina Ocampo	Adolfo Bioy Casares	Ryūnosuke Akutagawa	Thomas Bailey Aldrich	Leonid Andreyev	John Aubrey	J. G. Ballard	Sir Max Beerbohm	Ambrose Bierce	Ah'med Ech Chiruani	Léon Bloy	Delia Ingenieros	Ray Bradbury	Tor Åge Bringsværd	Martin Buber	Richard Francis Burton	Arturo Cancela	Pilar de Lusarreta	Thomas Carlyle	Lewis Carroll	Gilbert Keith Chesterton	Zhuangzi	Jean Cocteau	Julio Cortázar	Santiago Dabove	Alexandra David-Néel	Lord Edward Dunsay	Macedonio Fernandez	James George Frazer	Elena Garro	Herbert Allen Giles	Nathaniel Hawthorne	I. A. Ireland	W. W. Jacobs	James Joyce	Don Juan Manuel	Franz Kafka	Rudyard Kipling	Leopoldo Lugones	Arthur Machen	Walter De la Mare	Guy de Maupassant	Edwin Morgan	H. A. Murena	Niu Chiao	Papini, Giovanni	Carlos Peralta	Barry Perowne	Petronius	Manuel Peyrou	Edgar Allan Poe	Pu Songling	François Rabelais	Saki	May Sinclair	W.W. Skeat	Olaf Stapledon	Emanuel Swedenborg	Лев Толстой	B. Traven	Tsʻao, Hsüeh-chʻin.	Auguste comte de Villiers de L'Isle-Adam	Voltaire	Evelyn Waugh	Edward Lucas White	Juan Rodolfo Wilcock	Oscar Wilde	Richard Wilhelm	G. Willoughby-Meade	Mary Shelley	Wu Cheng'en	William Butler Yeats	Jose Zorilla
OL18969A	John Dewey
OL18977A	Nora Roberts
OL18977A	OL7301162A	Nora Roberts	Susan Ericksen
OL18977A	OL7833466A	Nora Roberts	Angela Dawe
OL190100A	Paul Auster
OL19024A	Upton Sinclair
OL19066A	A. S. Byatt
OL19246A	Heather Graham
OL192668A	Robert W. Christopherson
OL19269A	Leon Uris
OL1927307A	F.-X. Garneau
OL19283A	Grace Livingston Hill
OL19306A	Elisabeth Elliot
OL193259A	Anne Hooper
OL19365A	Jacqueline Wilson
OL19365A	OL26657A	Jacqueline Wilson	Nick Sharratt
OL19430A	Neal Stephenson
OL19430A	OL1392799A	Neal Stephenson	Nicole Galland
OL19441A	Joseph Conrad
OL19450A	Virginia Woolf
OL19465A	Edith Pargeter
OL19482A	Louis L'Amour
OL194922A	Thomas A. Moore
OL19493A	Sinclair Lewis
OL19499A	Christopher Isherwood
OL19512A	Emily Dickinson
OL195651A	Jeremy Belknap
OL19597A	Nicholas Sparks
OL19603A	Booth Tarkington
OL19669A	Carol Matas
OL19673A	Robert Cormier
OL19677A	Антон Павлович Чехов
OL19690A	Henry David Thoreau
OL19698A	Jayne Creighton
OL197120A	Laura Ingalls Wilder
OL19725A	Washington Irving
OL19728A	Cynthia Rylant
OL1973949A	Brian Davis
OL197515A	Dorothy L. Sayers
OL19767A	Aldous Huxley
OL19880A	Anne McCaffrey
OL19905A	Piers Anthony
OL19964A	D. H. Lawrence
OL19981A	OL15292106A	OL15535726A	Stephen King	Stephen king	Ingah Mikhaʼeli
OL19981A	Stephen King
OL200394A	OL544937A	OL2686295A	OL31353A	OL1771265A	OL24856A	OL2643333A	OL24137A	OL1232071A	OL2701609A	OL33607A	OL2937580A	OL539879A	OL20187A	OL1294912A	OL5323285A	OL7843975A	OL1963611A	OL39603A	OL19905A	OL19921A	OL227969A	OL7843985A	OL32471A	OL6866615A	OL228668A	OL1188211A	OL777265A	OL659164A	OL7843986A	OL2666199A	OL1872913A	OL23121A	OL26237A	OL34434A	OL7843987A	OL21657A	OL329735A	OL2633928A	OL7051733A	OL284401A	OL886261A	OL2628870A	OL33088A	OL13216131A	OL13102923A	Harlan Ellison	John Heidenry	Ross Rocklynne	Ursula K. Le Guin	Andrew J. Offutt	Gene Wolfe	Ray Nelson	Ray Bradbury	Chad Oliver	Edward Bryant	Kate Wilhelm	James B. Hemesath	Joanna Russ	Kurt Vonnegut	T. L. Sherred	K. M. O'Donnell	H. H. Hollis	Bernard Wolfe	David Gerrold	Piers Anthony	Lee Hoffman	Gahan Wilson	Joan Bernott	Gregory Benford	Evelyn Lief	James Sallis	Josephine Saxton	Ken McCullough	David Kerr	Burt K. Filer	Richard Hill	Leonard Tushnet	Ben Bova	Edward Gorman	James Blish	A. Parra	Thomas M. Disch	Richard A. Lupoff	John Harrison	Robin Scott	Andrew Weiner	Terry Carr	James Tiptree, Jr.	Dean Koontz	Piers Anthony	Ben Bova
OL200403A	Pamela L. Travers
OL200763A	United States. National Transportation Safety Board.
OL20088A	Horace
OL20088A	OL564289A	Horace	Floriano Martins
OL201255A	Judith Kerr
OL20157A	Friedrich Nietzsche
OL20167A	Tracy Kidder
OL20187A	Kurt Vonnegut
OL20188A	Edith Wharton
OL20243A	Graham Greene
OL20246A	Owen Wister
OL203016A	Margaret Laurence
OL2032671A	Thomas Harris
OL203471A	OL2653814A	OL2653815A	Lynn Quitman Troyka	Lynn Q. Troyka	Doug Hesse
OL203473A	OL2648839A	OL7497369A	Harvey M. Deitel	Paul J. Deitel	Abbey Deitel
OL2055261A	Giovanni Boccaccio
OL20585A	Edwin Abbott Abbott
OL20588A	OL1514640A	OL8058693A	OL3211922A	Lemony Snicket	Brett Helquist	Michael Kupperman	Nestor Busquets
OL20646A	Oscar Wilde
OL2066695A	OL13673268A	Daniel Kahneman	Daniel Kahneman
OL2067661A	OL5803007A	OL11474839A	Hobart Hurd Willard	Lynne L. Merritt	John Aurie Dean
OL20687A	Sue Grafton
OL2069232A	Robert W. Motley
OL20735A	Umberto Eco
OL20740A	Bonnie Jo Campbell
OL20743A	Percy Bysshe Shelley
OL20837A	OL2737864A	D. Peter Snustad	Michael J. Simmons
OL20878A	OL10720261A	Julia Cameron	Ada Arbós Bo
OL209285A	OL4343694A	OL7890897A	OL5924935A	OL138486A	Edgar Snow	E. snow	JIE JI ? KAI LE	Edgar Snow	John King Fairbank
OL2098672A	Katharine Newlin Burt
OL20994A	OL2865621A	Frederick Forsyth	Frederick Davidson
OL2099517A	Gerard Ludi
OL21001A	Henry James
OL21001A	OL7484290A	OL362074A	Henry James	Susan M. Griffin	Eleanor Bron
OL2101074A	John le Carré
OL2101175A	O. Henry
OL21070A	Samuel Johnson
OL21093A	Ambrose Bierce
OL21095A	Gertrude Stein
OL21218A	Carolyn Keene
OL21219A	Franklin W. Dixon
OL21225A	OL12554472A	Janet Evanovich	Janet Evanovich
OL21225A	OL2829296A	Janet Evanovich	Lorelei King
OL21250A	Lawrence Durrell
OL2139510A	Organisation for Economic Co-operation and Development
OL21554A	Gregory Maguire
OL215610A	Jerome Klapka Jérôme
OL21563A	Barbara Park
OL215689A	G. A. Henty
OL21569A	Arthur Miller
OL215713A	Frank Norris
OL21589A	OL7410624A	Euripides	Euripides
OL215911A	OL2559602A	OL6004387A	OL6004388A	OL1014526A	OL2746120A	Fannie Merritt Farmer	Lincoln, Mary Johnson Bailey "Mrs. D. A. Lincoln,"	James B. Herndon 	Herndon/Vehling Collection	Sam Sloan	D. A. Lincoln
OL21594A	Jane Austen
OL2162882A	OL1302373A	OL2748330A	OL795454A	OL2740926A	Irma S. Rombauer	Marion Rombauer Becker	Ethan Becker	John Becker	Megan Scott
OL216503A	Mary Stewart
OL216536A	Eric Foner
OL216556A	Robert Anton Wilson
OL21656A	Jim Thompson
OL216748A	Edwidge Danticat
OL216755A	Jeffrey Archer
OL216799A	OL2651928A	OL1296676A	Philip Kotler	John T. Bowen	James C. Makens
OL216799A	Philip Kotler
OL216861A	OL656894A	Jeffrey O. Bennett	William L. Briggs
OL21718A	Bill Bryson
OL2172651A	Lee Thayer
OL217344A	OL13474975A	Oliver Sacks	Dafnah Leṿi
OL217344A	OL709314A	Oliver Sacks	Jonathan Davis
OL217344A	Oliver Sacks
OL217394A	OL237141A	OL28029A	OL1434553A	OL29219A	OL20678A	OL18722A	OL1394864A	OL1385589A	OL26165A	OL531502A	OL7507883A	OL382982A	OL2645009A	OL292141A	OL23207A	OL31384A	OL21554A	OL23704A	OL23918A	OL26576A	OL454225A	OL1437068A	OL11596305A	Jack Dann	Gardner R. Dozois	Cecelia Holland	Naomi Novik	Jonathan Stroud	Kage Baker	Jane Yolen	Adam Stemple	Liz Williams	Peter S. Beagle	Diana Gabaldon	Samuel Sykes	Garth Nix	Sean Williams	Tad Williams	Harry Turtledove	Diana Wynne Jones	Gregory Maguire	Bruce Coville	Tanith Lee	Tamora Pierce	Mary Rosenblum	Andy Duncan	Gardner Dozois Jack Dann
OL217475A	OL3309725A	OL709314A	OL7931147A	OL12162948A	Bret Easton Ellis	Brent Ellis	Jonathan Davis	Lauren Fortgang	Danny Gerard
OL21767A	Jonathan Lethem
OL217736A	Richard Henry Dana
OL2179705A	Frederic Wakeman Sr.
OL21831A	William Faulkner
OL21836A	OL14285515A	OL10844193A	OL10844194A	Karl May	H. J. Graefen	Stanley L. Sharp	Alfred P. Donhauser
OL218444A	Mitch Albom
OL218553A	George MacDonald Fraser
OL218707A	Rumer Godden
OL219380A	Ann-Marie MacDonald
OL219382A	Greg Cox
OL219597A	Gaston Leroux
OL21970A	Winston S. Churchill
OL2197307A	Alex Faickney Osborn
OL21976A	Patricia Cornwell
OL219802A	Scott Shaw
OL22013A	OL12544755A	OL2829308A	Rosamunde Pilcher	Ana María de la Fuente Rodríguez	Jilly Bond
OL22013A	Rosamunde Pilcher
OL2201875A	Antonio Gavin
OL220198A	Judy Blume
OL22019A	V. C. Andrews
OL22019A	V.C. Andrews
OL220263A	OL14493285A	OL6725157A	Jacob A. Riis	K. D. Weeks	Isabel Núñez
OL22026A	C. Brian Kelly
OL22028A	Mary Roberts Rinehart
OL22060A	Augustine of Hippo
OL220643A	Robert Harbin
OL220796A	Amy Tan
OL22098A	Lewis Carroll
OL22105A	Aristotle
OL22105A	OL4381062A	OL6388795A	OL5180148A	OL8031683A	OL9233117A	Aristotle	J. A. Smith	Joe Sachs	Robert C. Bartlett	Susan D. Collins	L H. G. ed Greenwood
OL221083A	Barbara Kingsolver
OL221095A	Robert L. Heilbroner
OL22132A	Beverly Cleary
OL221465A	Nicholas Evans
OL2215266A	Kingsley Amis
OL22157A	Harriet Beecher Stowe
OL22157A	OL10736946A	OL14482752A	Harriet Beecher Stowe	Harriet Stowe	Queer Little Folks
OL22168A	Judith McNaught
OL222146A	Ian McEwan
OL2221549A	OL769479A	OL1070988A	OL2671281A	OL1549004A	OL2669747A	OL3262766A	OL2649955A	OL2627501A	OL1255187A	OL2948003A	Robert E. Eicholz	Phares G. O'Daffer	Randall I. Charles	Sharon L. Young	Carne S. Barnett	Stanley R. Clemens	Gloria F. Gilmer	Andy Reeves	Freddie L. Renfro	Mary M. Thompson	Carol A. Thornton
OL22242A	Фёдор Михайлович Достоевский
OL222507A	OL10273518A	Александр Исаевич Солженицын	Alexandr Solzhenitsyn
OL22258A	James Patterson
OL22258A	OL1372814A	James Patterson	Marshall Karp
OL22258A	OL228669A	James Patterson	Michael Ledwidge
OL22258A	OL2463959A	James Patterson	Liza Marklund
OL22258A	OL2631878A	James Patterson	Andrew Gross
OL22258A	OL2711179A	James Patterson	Peter De Jonge
OL22258A	OL3288848A	James Patterson	David Ellis
OL22258A	OL765158A	James Patterson	Maxine Paetro
OL22261A	Sandra Brown
OL22263A	Mary Balogh
OL223174A	Spencer Johnson
OL223258A	R. C. Hibbeler
OL22339A	OL7996335A	Sarah Dessen	Sarah Dessen
OL22342A	Ian Stewart
OL22358A	OL3144974A	OL14598741A	OL14480222A	Wilkie Collins	David Wharry	Vera Basor	Barak Tawfeek
OL22358A	OL397094A	OL15210372A	Wilkie Collins	Norman Page	Harry A. Webber
OL22358A	OL9385978A	Wilkie Collins	Amara Saldaña
OL22358A	Wilkie Collins
OL223621A	Katherine Miller
OL22374A	Alan Brinkley
OL223819A	B. R. Hergenhahn
OL22388A	Mary Ann Fraser
OL224314A	Charles W. L. Hill
OL224701A	OL2651482A	D. Brendan Nagle	Stanley M. Burstein
OL224907A	Daniel Goleman
OL2250A	OL4642526A	Teresa of Avila	E. Allison Peers
OL225243A	Antony Beevor
OL225331A	OL9465374A	Colleen McCullough	Colleen McCullough
OL22536A	Sharon M. Draper
OL22553A	John Kenneth Galbraith
OL225540A	Susan J. Jeffers
OL225751A	OL2749399A	David H. Barlow	V. Mark Durand
OL22583A	Willa Cather
OL2258501A	David Wild
OL22586A	Mary Higgins Clark
OL225984A	OL7316367A	OL2673205A	Joshua S. Goldstein	Jon C. Pevehouse	Jon C. Pevehouse
OL225992A	OL2854087A	OL7698800A	OL2854142A	OL10827513A	OL3829333A	OL11467681A	OL11548899A	OL10834436A	OL409020A	OL10894868A	OL12374007A	Ellen Gould Harmon White	E. G. White	Ellen G White	Ellen White	Ellen G. White	E.G. White	Ellen Gould Harmon White	White E.G	Ellen G. White	White, E. G.	Ellen G. WHITE	Pacific Press Publishing Associaton
OL226208A	Anne Fadiman
OL2266282A	OL2659335A	OL6815747A	Eleanor Atkinson	Aleanor Atkinson	Eleanor Atkins
OL227214A	OL3011892A	OL342981A	Don Hellriegel	Hellriegel	John W. Slocum
OL227751A	Diana Palmer
OL227821A	Earl R. Babbie
OL227944A	Robert L. Boylestad
OL228079A	Isabel Allende
OL228735A	Peter Guralnick
OL228969A	OL2821243A	Debbie Macomber	Linda Emond
OL228969A	OL7340929A	Debbie Macomber	Laural Merlington
OL229268A	Ken Follett
OL229268A	OL426697A	Ken Follett	John Lee
OL229268A	OL9959311A	Ken Follett	K. Follett
OL22954A	Laura E. Berk
OL229685A	Nick Hornby
OL229933A	OL540536A	Manuel G. Velasquez	Vincent E. Barry
OL229997A	Jeanette Winterson
OL23008A	Eusebius of Caesarea, Bishop of Caesarea
OL230320A	OL2799184A	OL888324A	James E. McClellan III	domenico E. III bertoloni meli	Harold Dorn
OL23033A	Dick King-Smith
OL23038A	John Fowles
OL230506A	Gary D. Schmidt
OL23082A	George MacDonald
OL230834A	Tom Wolfe
OL230972A	Rigoberta Menchú
OL23108A	Johanna Lindsey
OL23125A	James Gleick
OL23135A	Niccolò Machiavelli
OL23178A	Walt Whitman
OL23186A	William Makepeace Thackeray
OL232499A	C. S. Forester
OL232501A	Bernard Malamud
OL232548A	Julia Donaldson
OL232548A	OL2493250A	Julia Donaldson	Axel Scheffler
OL2327263A	OL2319091A	Walter Carruthers Sellar	Robert Julian Yeatman
OL232820A	George du Maurier
OL233064A	OL1656834A	Harm J. de Blij	Peter O. Muller
OL233264A	OL3477047A	Bruce Springsteen	Michael Morpurgo
OL23326A	H. Rider Haggard
OL2334668A	Michael Banner
OL233594A	Robert Jordan
OL233814A	Enid Blyton
OL234190A	Tony Buzan
OL23431A	L. Frank Baum
OL234426A	Jordan B. Peterson
OL23458A	OL451136A	OL390013A	OL7487499A	OL2777956A	John D. Ramage	John C. Bean	June Johnson	Ramage. Bean. Johnson	Pearson Custom Publishing
OL234664A	George R. R. Martin
OL23506A	Edward Eager
OL235478A	OL2816022A	Luo Guanzhong	C. H. Brewitt-Taylor
OL23573A	OL1430297A	OL2639597A	Thomas D. Fahey	Paul M. Insel	Walton T. Roth
OL236182A	Lloyd Alexander
OL2364638A	Priscilla Hardison
OL236786A	OL7863146A	Andrew S. Tanenbaum	Herbert Bos
OL23681A	William Dean Howells
OL23684A	Frederick Douglass
OL237114A	Gene Zion
OL237184A	OL766590A	OL22714A	OL9477073A	OL7139433A	Wayne C. Booth	Gregory G. Colomb	Joseph M. Williams	Joseph Bizup	William FitzGerald
OL23720A	Francis Bacon
OL237539A	Philip Williamson
OL23761A	Kenneth Grahame
OL23761A	OL464132A	Kenneth Grahame	Ernest H. Shepard
OL23767A	Frances Hodgson Burnett
OL23803A	Philip Caputo
OL238569A	OL2816596A	OL7150546A	OL2685748A	OL7172233A	OL7425740A	OL9292516A	Neil Alexander Campbell	Jane B. Reece	Lisa A. Urry	Michael L. Cain	Steven A. Wasserman	Peter V. Minorsky	Jackson
OL23860A	OL11598382A	OL12302635A	William A. Sabin	William A Sabin	William A. Sabin, Wilma K. Millar, Sharon L. Sine, G. Wendy Strashok
OL238887A	T. W. Graham Solomons
OL23919A	J. K. Rowling
OL239307A	Guy Gavriel Kay
OL239800A	Truman Capote
OL23986A	Helen L. Bee
OL240014A	OL382606A	Keith L. Moore	T. V. N. Persaud
OL24075A	OL2749427A	Dennis Coon	John O. Mitterer
OL240991A	Jhumpa Lahiri
OL2411015A	OL19677A	OL22242A	OL47908A	OL26783A	OL2627043A	OL10240A	OL11457232A	OL5176901A	OL12630461A	OL117A	OL57938A	OL340972A	OL2886663A	OL12210824A	Thomas Seltzer	Антон Павлович Чехов	Фёдор Михайлович Достоевский	Александр Сергеевич Пушкин	Лев Толстой	Николай Васильевич Гоголь	Ivan Sergeevich Turgenev	Seltzer, Thomas, Editor	Ignatiĭ Nikolaevich Potapenko	S.T. Somyonov	Максим Горький	Leonid Andreyev	M. Art͡sybashev	Aleksandr Ivanovich Kuprin	A. Pushkin
OL24136A	V. S. Naipaul
OL24137A	Ray Bradbury
OL2414180A	Friedrich Schiller
OL2417731A	Pearson
OL242220A	Robert T. Kiyosaki
OL242304A	OL2658784A	John Webster	Cyril Tourneur
OL24257A	Melvin Berger
OL24388A	Roddy Doyle
OL244097A	Howard Pyle
OL2444787A	Philip Roth
OL24452A	Danielle Steel
OL244532A	OL11502951A	Kenneth Janda	Kenneth Janda, Jeffrey M. Berry, Jerry Goldman
OL24461A	Rudyard Kipling
OL24462A	Aristophanes
OL24465A	Erik Larson
OL24467A	OL3234877A	OL38982A	OL7496913A	Janet Burroway	Susan Weinberg	Elizabeth Stuckey-French	Ned Stuckey-French
OL244801A	OL3316720A	Henry James Sumner Maine	Dante J. Scala
OL24502A	Theodore Roosevelt
OL24513A	Roland Smith
OL24522A	Jonathan Swift
OL24527A	OL10600724A	Stephen Crane	Stephen Crane
OL24527A	Stephen Crane
OL24528A	George Eliot
OL24528A	OL2661860A	OL2724567A	OL1478696A	OL9193880A	George Eliot	John O'Connor	Mary Anne Evans	Hugh Thomson	Julius Frese
OL24528A	OL6796331A	OL9842697A	OL9239757A	OL5793613A	George Eliot	Robert Lewis Weed	Najam Saqib	Gordon Frederick Browne	David Case
OL24528A	OL6984258A	OL29264A	OL10482461A	OL2645984A	OL12440091A	George Eliot	Jessica Hische	Francine Prose	ReadinGreat	Claire Jarvis	Margot Everett
OL24529A	Emily Brontë
OL24529A	OL342487A	Emily Brontë	Anne Brontë
OL24638A	Charles Dickens
OL24638A	OL10482366A	OL2523172A	OL10920069A	OL1160499A	Charles Dickens	Samuel Luke Fildes	Charles Bernard Derosne	TC	John Cuming Walters
OL24638A	OL10851899A	OL2724922A	Charles Dickens	Groth	Nancy Baker
OL24638A	OL11082328A	Charles Dickens	Eileen Warren Norris
OL24638A	OL1477921A	Charles Dickens	Diana C. Archibald
OL24638A	OL3568051A	OL8356232A	Charles Dickens	Mary Sebag-Montefiore	Adam Leverton
OL24716A	OL447655A	OL2670092A	Roger LeRoy Miller	Gaylord A. Jentz	Roger Leroy Miller
OL24757A	William Steig
OL24761A	Samuel Butler
OL24815A	Dav Pilkey
OL24877A	John R. Gribbin
OL24950A	Astrid Lindgren
OL249588A	Eugenios Trivizas
OL25234A	Henry Patterson
OL252577A	Paul Bowles
OL25277A	OL392432A	Tom Clancy	Steve R. Pieczenik
OL25277A	Tom Clancy
OL25342A	Mary Shelley
OL25395A	OL2753569A	OL2976368A	OL381175A	Sylvan Barnet	William Cain	B	William E. Cain
OL25513A	OL226671A	OL3011780A	OL5413970A	OL6519846A	OL3368293A	OL2622498A	David A. Whetten	Kim S. Cameron	Whetten	David A. Whetten	DAVID A. WHETTEN	David Whetten	Kim Cameron
OL25573A	OL214845A	OL10618005A	Charles-Louis de Secondat baron de La Brède et de Montesquieu	John Davidson	Carlos Cantueso
OL25582A	Tim O'Brien
OL2570949A	OL5506792A	OL4627699A	OL6044621A	Robert Michael Ballantyne	Ralph Crane	George Dalziel	Edward Dalziel
OL25712A	OL19807A	Terry Pratchett	Stephen Baxter
OL25712A	OL2629595A	Terry Pratchett	Paul Kidby
OL25712A	Terry Pratchett
OL25714A	Nelson DeMille
OL25788A	John Steinbeck
OL25788A	OL12231776A	OL10660660A	OL15305154A	OL15317023A	John Steinbeck	J. Steinbeck	John Steinbeck	john steinbek	John Steinback
OL257959A	Gabrielle Roy
OL25918A	Erskine Childers
OL25930A	Charles Perrault
OL25931A	Hans Christian Andersen
OL25931A	OL2628053A	Hans Christian Andersen	Various
OL25963A	Robert Louis Stevenson
OL25966A	Henry Adams
OL26062A	Shauna Singh Baldwin
OL2614060A	United States. National Institute of Mental Health
OL2622296A	Charles Kingsley
OL2622306A	OL2622349A	OL2622419A	OL2518732A	OL3113071A	OL3145320A	OL3145323A	OL3435484A	OL3532175A	OL3532649A	OL2632524A	OL2622305A	OL2632525A	OL2632526A	OL2632527A	OL2632528A	OL5124480A	OL1016828A	OL2621505A	OL2623006A	OL2622420A	OL2622304A	OL3145272A	OL3145273A	OL3145274A	OL3371063A	OL2674344A	Beryl T. Atkins	HarperCollins	Alain Duval	Robert Collins - undifferentiated	Collectif	Robert Staff	Frances Ilingworth	Collins-Robert	Collins Robert Staff	Staff of Dictionnaires Robert	Rosemary Milne	Pierre-Henri Cousin	Helene M. A. Lewis	Lorna A. Sinclair	Renee O. Birks	Marie-Noelle Lamy	B. T. S. Atkins	Paul Robert	Collins	Collins Publishers	Rosemary C. Milne	Michela Clari	Martyn Back	Jean-François Allain	Collectif Lorna Knight	T	-
OL2622837A	Dr. Seuss
OL2622837A	OL384898A	Dr. Seuss	Simon Mugford
OL26232A	OL7319459A	Elizabeth Strout	Rosa Perez Perez
OL2623461A	Arthur C. Clarke
OL2623606A	OL17396A	John Gray	John Gray
OL2623989A	David Walliams
OL26259A	Michael A. Seeds
OL2628433A	David Mitchell
OL2629761A	John F. Kennedy
OL2629960A	Trudi Canavan
OL2630958A	Gary Drevitch
OL2631008A	Julio Cortázar
OL2632008A	Raymond Chandler
OL2632021A	OL7458886A	Derek Landy	DEREK LANDY
OL26320A	J.R.R. Tolkien
OL2632362A	John York
OL2633120A	AAA
OL26341A	Edgar Cayce
OL2634342A	Stephen E. Lucas
OL26363A	Frank McCourt
OL2637409A	Dorothy A. Saia
OL2637495A	Donald Briscoe
OL2637527A	Ivan Oransky
OL2637527A	OL2637965A	Ivan Oransky	Sean Blitzstein
OL2637532A	Carlyle H. Chan
OL2637926A	Yashesh Patel
OL2637965A	Sean Blitzstein
OL26392A	Katherine Applegate
OL2644822A	Andre Dubus III
OL2644841A	Mervyn Peake
OL2645050A	Irving Stone
OL2645460A	Arthur Golden
OL2646381A	OL3339240A	OL7211088A	Peter W. Hawkes	Benjamin Kazan	Tom Mulvey
OL2646473A	OL2848659A	OL7466358A	OL5231606A	OL2848471A	OL977170A	OL2643381A	OL2848660A	OL7555968A	Bruce Alberts	Alexander Johnson	Julian Lewis	David O Morgan	Martin Raff	Julian Lewis	Keith Roberts	Peter Walter	Alexander D. Johnson
OL2648839A	OL203473A	Paul J. Deitel	Harvey M. Deitel
OL26545A	Philip Pullman
OL2656742A	Rand McNally
OL26576A	Tamora Pierce
OL2659024A	OL2961202A	OL2961200A	Rumi (Jalāl ad-Dīn Muḥammad Balkhī)	Camille Adams Helminski	Kabir Helminski
OL2659564A	Sándor Márai
OL2660342A	Maurice Leblanc
OL2660362A	Tana French
OL26610A	OL26611A	OL7957602A	OL7841231A	OL2624681A	Frederick K. Lutgens	Edward J. Tarbuck	Redina Herman	Dennis G. Tasa	Dennis Tasa
OL2661154A	Arturo Pérez-Reverte
OL266267A	OL1536407A	Mark Q. Sutton	Robert M. Yohe
OL2662894A	OL658590A	John Morgan	Mario Rinvolucri
OL26680A	Louisa May Alcott
OL26680A	OL7933943A	Louisa May Alcott	Success Oceo
OL26681A	Nathaniel Hawthorne
OL2670769A	OL1973949A	David Jordan - undifferentiated	Brian Davis
OL2671348A	OL2671349A	James F. Kurose	Keith Ross
OL2672219A	Lambert Deckers
OL26745A	Tracy Chevalier
OL2675573A	OL2980572A	Stephen Hawking	Leonard Mlodinow
OL26769A	Salman Rushdie
OL26783A	OL12526479A	Tolstoy, Leo, graf, 1828-1910	Xènia Dyakonova
OL26783A	OL2734499A	OL2964952A	OL2913279A	OL12583619A	Лев Толстой	Anthony Briggs	Anthony Horvath	Constance Black Garnett	Zinc Read
OL26783A	OL5436174A	OL2974055A	OL8240157A	OL2734499A	Лев Толстой	Richard Pevear (translator)	Larissa Volokhonsky (translator)	David Goldfarb	Anthony Briggs
OL26783A	OL9369917A	Лев Толстой	CJ Hogarth
OL26783A	Лев Толстой
OL2684549A	Howard Zinn
OL2685945A	OL765718A	OL2685735A	OL711204A	OL2685734A	OL2031470A	OL2685736A	OL2685737A	Jeffrey S. Hester	David Burstein	George Blumenthal	Ronald Greeley	Jeff Hester	Bradford Smith	Howard Voss	Gary Wegner
OL2687190A	Rafael Sabatini
OL26887A	Francesca Simon
OL2689875A	OL137095A	OL657901A	James George Frazer	Theodor Herzl Gaster	George W. Stocking
OL2689878A	Marco Polo
OL26952A	Ngaio Marsh
OL269711A	Richard Stone
OL2703408A	Elisabetta Dami
OL2705042A	E. L. Konigsburg
OL2705452A	Peter David
OL27064A	Dick Francis
OL27078A	John Updike
OL27107A	OL577481A	OL2662747A	OL578236A	OL7995575A	OL9303114A	OL9788479A	OL10079370A	OL9615191A	OL6020283A	OL11106329A	OL11106330A	OL2956052A	OL7307550A	OL9109391A	OL674610A	Anthony Hope	Gary Hoppenstand	Diane Mowat	Alan Marks	Francesc Ràfols	Andrew Pugsley	Summer M. Hogan	Summer Hogan	Smidgen Press	Charles Dana Gibson	Daniel Lanza Barba	Javier Fornell Fernandez	Stephen Colbourn	Katy Jackson	James Wilby	Robinson, M.
OL27119A	Hilary Mantel
OL27138A	James Herbert
OL27144A	Paula Danziger
OL27173A	Avi
OL27229A	Brian Jacques
OL2727722A	Gregg Braden
OL272947A	Douglas Adams
OL27349A	F. Scott Fitzgerald
OL27358A	Kate DiCamillo
OL27363A	Gabriel García Márquez
OL27404A	OL1655495A	Stanley J. Baran	Dennis K. Davis
OL27439A	OL533541A	Robert V. Kail	John C. Cavanaugh
OL27450A	Betsy Cromer Byars
OL2745568A	Bible
OL275082A	Dennis Q. McInerny
OL2751472A	OL1756196A	OL6710837A	OL2466431A	OL8161490A	Charles M. Schulz	Lee Mendelson	Maggie Testa	Vicki Scott	Scott Jeralds
OL27524A	Tennessee Williams
OL27560A	OL394670A	OL883419A	OL2627109A	OL2653925A	OL1514497A	OL232920A	OL2395978A	OL2141430A	OL24660A	James MacGregor Burns	Thomas E. Cronin	David B. Magleby	J. W. Peltason	Tom Cronin	David O'Brien	Paul Charles Light	James Burns	James MacGregor	David M. O'Brien
OL27695A	Agatha Christie
OL2771036A	Curzon
OL2781045A	OL1973949A	Sue Chapple	Brian Davis
OL2786936A	Stendhal
OL2789840A	Paula Hawkins
OL27966A	Thomas L. Floyd
OL28006A	Peter F. Hamilton
OL2801083A	Joe Abercrombie
OL28035A	Eugene O'Neill
OL2803732A	Casenotes
OL280391A	OL7226037A	OL390052A	Paul Anthony Samuelson	Nordhaus, William D.	William D. Nordhaus
OL28103A	Mildred D. Taylor
OL28104A	Cormac McCarthy
OL28127A	Edgar Allan Poe
OL28135A	Michael Francis Gilbert
OL2814972A	Anthony Swofford
OL28165A	David Baldacci
OL28169A	Leopoldo Alas
OL28188A	Madeleine L'Engle
OL282496A	OL3157186A	Alberto Giacometti	Agnes De La Beaumell
OL28257A	Michael Crichton
OL2826799A	Dennis C. Smolarski
OL2827465A	Herman Cyril McNeile
OL28294A	Publius Vergilius Maro
OL28296A	William L. Shirer
OL2830895A	OL9118672A	Patrick Rothfuss	Marc Simonetti
OL2832500A	Jeff Kinney
OL28409A	William Morris
OL2851402A	OL697822A	Theron Q. Dumont	William Walker Atkinson
OL28559A	Kathleen E. Woodiwiss
OL28577A	OL3371615A	Patricia Highsmith	Michael Nation
OL28577A	Patricia Highsmith
OL28641A	Robert A. Heinlein
OL2870890A	John  J. McKetta Jr
OL28743A	Cicero
OL28743A	OL3264457A	OL3264458A	OL1890044A	Cicero	L.-A. (Léopold-Albert) Constans	Jean Bayet	Jean Beaujeu
OL28771A	Jackson J. Spielvogel
OL2877785A	Jane Straus
OL2882667A	OL3348176A	Carl French	C. S. French
OL28845A	OL1400004A	OL2852972A	Theodore Schick	Lewis Vaughn	Theodore, Jr. Schick
OL2889852A	Елена Петровна Блаватская
OL2890A	Kahlil Gibran
OL289952A	OL3285943A	OL3285944A	OL3342671A	Marcus Valerius Martialis	Paul Barie	Winfried. Schindler	Uwe. Walter
OL29048A	Jean-Jacques Rousseau
OL29053A	Anthony Horowitz
OL29079A	Clive Cussler
OL29097A	Honoré de Balzac
OL29129A	Douglas C. Giancoli
OL29219A	Jonathan Stroud
OL29227A	Ian Fleming
OL29232A	Michael Shermer
OL292426A	OL2564744A	Fanny Burney	Frances Burney
OL292449A	Ken Grimwood
OL29303A	Dante Alighieri
OL29303A	OL5274288A	OL289681A	OL2700032A	OL9656601A	Dante Alighieri	Dante Gabriel Rossetti	Michael Palmer	Dante Rossetti	Roger Grass
OL29349A	David Hume
OL2938178A	Harriet R. Lihs
OL29388A	Guy de Maupassant
OL29497A	Herman Melville
OL295133A	Eric Philbrook Kelly
OL2954677A	Marc Schlechter
OL29578A	Sir Edward Coke
OL29586A	Arnold Bennett
OL2961050A	R. Richter
OL29622A	Robin McKinley
OL29658A	Gordon Korman
OL296646A	Michael Ende
OL29698A	Anthony Trollope
OL29774A	Louis Sachar
OL2980448A	Scott Westerfeld
OL2980554A	Brandon Mull
OL2980597A	Raina Telgemeier
OL29881A	A. A. Milne
OL2993470A	OL7538938A	OL6773806A	OL10119666A	OL7347583A	Heather Morris	Heather Morris	Morris, Heather teacher.	Morris Heather	Sarah Fields
OL30118A	OL3309189A	OL7920548A	OL3892389A	OL12553393A	Zadie Smith	Peter Francis James	Adjoa Andoh	Philippe Aronson	Ana María de la Fuente Suárez
OL301192A	John Foxe
OL301474A	Yasmina Khadra
OL30224A	Thornton Wilder
OL3030728A	Joyce Colmar
OL3033417A	Evan Mandery
OL30350A	Zane Grey
OL30353A	OL1284478A	Howard Anton	Chris Rorres
OL3043940A	Christoph Allen
OL30442A	OL231595A	Alexis de Tocqueville	Gustave de Beaumont
OL30443A	OL2732823A	Shakti Gawain	Marci Shimoff
OL3050323A	Tom Bacchus
OL30514A	Henry Miller
OL30522A	Kristin Hannah
OL305369A	Juan Carlos Mondragón
OL30553A	OL15264001A	孙武	Sun Tzu 
OL30573A	Neale Donald Walsch
OL3060044A	Silvana Q. Montanaro
OL30660A	Oswald Chambers
OL30717A	Mark Bowden
OL3076383A	OL2837944A	Elisabeth Vonarberg	Jane Brierley
OL30765A	Rick Riordan
OL30771A	Meg Cabot
OL30774A	OL2705452A	OL9266123A	John de Lancie	Peter David	Peter David
OL30835A	Elizabeth Gilbert
OL30885A	James Herriot
OL30964A	Anne Michaels
OL3097835A	Terence Meaden
OL31012A	OL9260057A	OL2865628A	Robert Hugh Benson	edibooks	Simon Vance
OL3105889A	Elena Ferrante
OL31079A	Jean de La Fontaine
OL3110675A	OL393653A	OL3281905A	OL5923328A	Almond	Gabriel A. Almond	Gabriela. Almond	Gabriel A. Almond
OL31120A	Toni Morrison
OL31176A	Joseph Murphy
OL31186A	OL2638580A	OL833168A	John Hope Franklin	Alfred A. Moss Jr.	Evelyn Brooks Higginbotham
OL3121637A	Brené Brown
OL31238A	Katherine Kurtz
OL31351A	OL2649381A	OL2274431A	OL2656604A	OL3350700A	OL3370953A	OL5717154A	Alan O. Ebenstein	Alan Ebenstein	William Ebenstein	EBENSTEIN FOGE	W. Ebenstein	Ebenstein & Fogelman	William Ebenstein
OL31371A	Joshua Slocum
OL31384A	Diana Wynne Jones
OL31439A	Thomas Paine
OL3152608A	Andrew Lang
OL31542A	Brian L. Weiss
OL31574A	C. S. Lewis
OL31574A	C.S. Lewis
OL3177743A	OL2136692A	OL3177744A	K.A. Keller	J. Lange	H. Münzel
OL31800A	Margaret Mahy
OL31827A	James Joyce
OL31827A	OL11598064A	OL12387151A	OL11529163A	James Joyce	James Joyce	james joyce	J Joyce
OL31872A	William Styron
OL31901A	Antoine de Saint-Exupéry
OL3203135A	Federico García Lorca
OL3203500A	Don Juan Manuel
OL32222A	Mary McCarthy
OL32271A	Theodore Dreiser
OL32283A	Kathleen Winsor
OL32293A	Voltaire
OL32369A	OL2749369A	OL2749370A	James Stewart	Lothar Redlin	Saleem Watson
OL3244931A	Marshall C. Yovits
OL32541A	Beatrix Potter
OL32541A	OL229963A	Beatrix Potter	Wendy Rasmussen
OL325487A	Alan Paton
OL32714A	Rachel Cusk
OL32722A	Dave Eggers
OL32772A	Émile Zola
OL32915A	Reymundo Sanchez
OL32939A	Jane Belk Moncure
OL33009A	OL1236161A	OL3238476A	Henry Wadsworth Longfellow	Jeff Ulmer	Alex A. Blum
OL33088A	Dean Koontz
OL33088A	OL2710922A	Dean Koontz	Phil Parks
OL33146A	Franz Kafka
OL33242A	J. M. Coetzee
OL33406A	OL752105A	Torquato Tasso	Marzio Pieri
OL33439A	Henryk Sienkiewicz
OL33452A	Petronius
OL33585A	William Somerset Maugham
OL33621A	Richard Wright
OL336504A	Alexander McCall Smith
OL3374577A	OL3499512A	Peter Blenkinsop	Wendy Oswin
OL3375629A	Saxon Menne
OL3379576A	OL1429574A	Mary Ann Shaffer	Annie Barrows
OL3379613A	Ta-Nehisi Coates
OL3384478A	HOUGHTON MIFFLIN
OL338458A	Marguerite Duraille
OL33881A	Larry Niven
OL33909A	P. D. James
OL33956A	OL7854705A	OL3433304A	OL2604010A	John Maynard Keynes	Jens Hölscher	Matthias Klaes	Anonymous
OL34047A	Daphne du Maurier
OL340903A	James Hilton
OL34174A	Anthony Giddens
OL34184A	Roald Dahl
OL34221A	Isaac Asimov
OL34221A	OL235327A	Isaac Asimov	Robert Silverberg
OL342487A	Anne Brontë
OL342629A	Johann David Wyss
OL34328A	Lee Child
OL34328A	OL2380099A	Lee Child	Andrew Child
OL34330A	Eric Carle
OL34364A	James Redfield
OL3451319A	Christopher Marlowe
OL34717A	OL2624937A	OL2624938A	OL2651047A	Kenneth C. Laudon	Jane P. Laudon	Jane Price Laudon	Jane Laudon
OL34717A	OL2671097A	OL2671096A	OL2653440A	Kenneth C. Laudon	Carol G. Traver	Carol Guercio Traver	Carol Traver
OL347193A	Jamie Suzanne
OL3477047A	OL2623137A	OL4221378A	Michael Morpurgo	Christian Birmingham	Michael Mopurgo
OL3477047A	OL7938720A	Michael Morpurgo	Mercè Santaularia Campillo
OL348127A	James Boswell
OL34888A	David Brin
OL3499500A	OL3499501A	Mary Childs	Jacqui Tyrer
OL3499500A	OL3499501A	OL406444A	Mary Childs	Jacqui Tyrer	Ron Allen
OL3499503A	Jane Charman
OL3499504A	Margaret Thackray
OL3499505A	Debbie Godbold
OL3499506A	M. Crispin
OL3499507A	Mavis Crispin
OL3499508A	Sue Browning
OL3499509A	Deborah Godbold
OL3499510A	OL1973949A	Dave Jordan	Brian Davis
OL3499511A	OL2621710A	D. Jordan	B. Davis
OL3499513A	Marilyn Badman
OL3499514A	OL2732306A	Chris Burton	Mark Deacon
OL350149A	Joseph Campbell
OL35046A	Raymond A. Serway
OL35183A	Kate Chopin
OL35195A	OL1396274A	Scott Mueller	Mark Edward Soper
OL35370A	Greg Harvey
OL35572A	OL4318331A	OL7582287A	OL2639424A	OL7701767A	Ronald B. Adler	Adler; Elmhorst	Ronald B. Adler	Jeanne Marquardt Elmhorst	Kristen Lucas Assistant Professor Ph.D.
OL3564077A	OL9370769A	Jim McCarty	Jochen Blumenthal
OL35793A	OL30358A	Richard Phillips Feynman	A. Zee
OL35839A	Charles Darwin
OL359271A	OL769057A	OL2737987A	David Halliday	Robert Resnick	Jearl  Walker
OL35996A	R. A. Salvatore
OL3616326A	Mary Elting
OL3640785A	Eos International
OL364898A	Sheila Burnford
OL365729A	Lucan
OL36575A	OL7481269A	OL2631575A	Kevin J. Anderson	Ben Mezrich	Chris Carter
OL366480A	OL419575A	Susan K. Baumann	Steven L. Mandell
OL370104A	OL2706227A	OL2706228A	B. S. Massey	Bernard Stanford Massey	B. Massey
OL37117A	Napoleon Hill
OL37311A	Mary Rodgers
OL373260A	OL7924473A	Claude Lévi-Strauss	Wang zhi ming
OL373750A	Jagmohan
OL37389A	James Q. Wilson
OL37389A	OL498181A	James Q. Wilson	John J. DiIulio, Jr
OL37769A	Q. L. Pearce
OL37887A	OL244358A	Margret Rey	H. A. Rey
OL381867A	Carol Ryrie Brink
OL382182A	OL10271776A	OL10283810A	Alvin Schwartz	Alvin Schwartz	Alvin  Schwartz
OL382182A	OL10283810A	OL10271776A	Alvin Schwartz	Alvin  Schwartz	Alvin Schwartz
OL382327A	Keith Thomas
OL382524A	村上春樹
OL383159A	OL30179A	Stephen R. Covey	Sean Covey
OL383426A	John W. Creswell
OL383719A	Michael Lewis
OL383980A	Padraic Colum
OL385196A	Abel, Peter
OL386597A	OL7838799A	OL3585573A	OL3261480A	Anita Woolfolk Hoy	Philip H. Winne	Nancy E. Perry	Beth Popiel
OL386756A	Robert V. Guthrie
OL386914A	OL449234A	Gary D. Hall	Barry S. Reiss
OL387601A	OL452769A	OL2638781A	OL1241748A	Roger A. Kerin	Eric N. Berkowitz	Steven W. Hartley	William Rudelius
OL3881042A	Thomas Elsen
OL388469A	Fred Luthans
OL388512A	Candace Bushnell
OL388700A	Ron Chernow
OL389147A	Robert C. Higgins
OL389357A	Barthe DeClements
OL390077A	Harold Kerzner
OL390261A	Alan Pipes
OL390356A	Stephen Citron
OL39038A	Deepak Chopra
OL39125A	Sue Townsend
OL39307A	Dan Brown
OL39329A	John Grisham
OL39329A	OL7308132A	John Grisham	Mark Deakins
OL39335A	Jerry Spinelli
OL393487A	Larry J. Siegel
OL393705A	OL1542161A	OL6078930A	OL919011A	Perkins, John	John Perkins	John Perkins	Perkins, John
OL394329A	OL5490736A	OL2638638A	George E. Belch	George E. Belch	Michael A. Belch
OL39485A	Lucy Maud Montgomery
OL39486A	Anne Rice
OL39524A	James Fenimore Cooper
OL395335A	John Feinstein
OL395728A	Ronald M. Atlas
OL395837A	Robin Hobb
OL39597A	Betty Smith
OL396288A	OL2816666A	OL3146515A	OL2816606A	George F. Luger	LUGER	Stubblefield	William A. Stubblefield
OL39795A	John W. Santrock
OL398099A	OL2635688A	Steven C. Chapra	Raymond P. Canale
OL39821A	Harlan Coben
OL39826A	Alexander Pope
OL39872A	Sophie Kinsella
OL39938A	Walter S. Tevis
OL402238A	OL2888187A	Anaïs Nin	N Clarke
OL402525A	Bernard R. Glick
OL402789A	J. G. Ballard
OL402869A	Jean M. Auel
OL40315A	Confucius
OL404599A	Gerald Karp
OL404928A	OL1296642A	Hal Lindsey	Carole C. Carlson
OL406546A	John Medina
OL40658A	Robert G. Lahita
OL40671A	James Ellroy
OL40776A	Julia Quinn
OL4079A	OL3733201A	OL162130A	Stanley Lane-Poole	Arthur Gilman	Arthur Gilman
OL410117A	Nevil Shute
OL411267A	OL2726848A	Mark Lutz	David Ascher
OL41878A	Boris Leonidovich Pasternak
OL41961A	William Blake
OL421269A	Edward R. Tufte
OL421921A	Sir George Grove
OL425147A	Ken Black
OL42805A	Françoise Sagan
OL4280652A	Pedro Calderón de la Barca
OL4288487A	OL3243539A	OL4328696A	OL2665877A	OL235478A	OL6851361A	OL3254019A	OL7618960A	OL4155891A	OL3113235A	Nai'an Shi	Shui Huchuan	Pearl S. Buck	Miguel Covarrubias	Luo Guanzhong	Sidney Shapiro	Wen Yu	Li ming you	Zhengqun Bao	Jacques Dars
OL4291363A	Teruhisa Matsusaka
OL429462A	Jorge Isaacs
OL430814A	David Watkin
OL431509A	Friend of Medjugorje
OL4328696A	OL10829917A	OL2310173A	Pearl S. Buck	Leslie H Woodson	Richard Hoffmann
OL4328696A	OL3073641A	OL1236078A	OL2747415A	OL4461249A	OL2956052A	Pearl S. Buck	Nick Bertozzi	Ruth Goode	Donald F. Roden	Ernst Simon	Stephen Colbourn
OL4328696A	Pearl S. Buck
OL433024A	M. Scott Peck
OL433058A	Alvin Toffler
OL4331550A	Peter Handke
OL4351406A	Wolfram von Eschenbach
OL435620A	Hunter Davies
OL4356457A	Terry Brooks
OL4360236A	Godfrey Winn
OL4363797A	Rebecca West
OL4366712A	Brian Friel
OL4378105A	OL5854674A	Henry Gray F.R.S.	Henry Vandyke Carter
OL4397788A	Jean Rhys
OL4400725A	Athol Fugard
OL440341A	Brian Taylor
OL440500A	OL772166A	Stuart J. Russell	Peter Norvig
OL441262A	Lodovico Ariosto
OL442121A	Aaron T. Beck
OL442995A	Eleanor Burford
OL443953A	Donna Leon
OL444324A	Norman Vincent Peale
OL444414A	Samuel Eliot Morison
OL444694A	OL2631878A	Lawrence H. Schiffman	Andrew Gross
OL444993A	OL1239241A	Mark L. Knapp	Judith A. Hall
OL4452558A	Gary Paulsen
OL445609A	Robert Janson
OL446165A	Constantine John Alexopoulos
OL4463085A	OL3983448A	OL10261911A	Hans Schulz	Otto Basler	Institut für Institut für deutsche Sprache
OL44633A	Jack London
OL446582A	Thomas Kyd
OL44760A	Quintus Curtius Rufus
OL448218A	Mac Wellman
OL451969A	Emma Darcy
OL4519865A	Chartered Association of Certified Accountants.
OL452099A	OL1388607A	OL6404276A	Ian Sommerville	Sommerville, Ian.	Ian Sommerville
OL45265A	Ptolemy
OL4529419A	United States. Congress. House
OL453119A	Mark Haddon
OL453471A	OL22326A	OL2844815A	Pamela Sharpe	Pamela J. Sharpe	Pamela Sharpe Ph.D.
OL45364A	Henning Mankell
OL4548049A	Canada. Northern Administration Branch. Welfare Division
OL456240A	Rohinton Mistry
OL456698A	OL767953A	Mike W. Martin	Roland Schinzinger
OL4570761A	Queen's College (Glasgow)
OL46053A	Great Britain.
OL4632743A	E. Keble Chatterton
OL469130A	Whitney Chadwick
OL47282A	OL736969A	OL2684699A	OL242674A	OL53653A	Max Beckmann	Carla Schulz-Hoffmann	Judith C. Weiss	Cornelia Homburg	Reinhard Spieler
OL4728806A	Charlotte Lamb
OL4728950A	Martin Amis
OL473047A	J. Barbey d'Aurevilly
OL473430A	William Langland
OL48015A	Joseph Goebbels
OL48119A	OL14242711A	OL9277378A	Stephen Leacock	Stephen Leacock	. Stephen
OL48139A	OL48139A	OL15600991A	OL3641950A	OL13430380A	Vladimir Nabokov	Vladimir Nabokov	Bruno Oddera	Karen Mathiasen	Søren Hansen
OL48139A	Vladimir Nabokov
OL48230A	OL1368A	Karl Marx	Friedrich Engels
OL48458A	OL2259074A	OL12561091A	André Gide	Dorothy Bussy	Blanca Torrents
OL487915A	Josef Müller-Brockmann
OL48862A	A. E. Housman
OL4902154A	H. Q. Mitchell
OL4915528A	Rhode Island Sea Grant College Program.
OL4937793A	OL2640795A	OL3597583A	Joanne M. Willey	Linda Sherwood	Christopher J. Woolverton
OL498120A	Harper Lee
OL502830A	OL2673644A	OL222517A	Michael Baigent	Richard Leigh	Henry Lincoln
OL5046634A	John Green
OL5046634A	OL1394624A	John Green	David Levithan
OL50556A	OL9122703A	OL2660524A	Mem Fox	Vivas Julie	Julie Vivas
OL507165A	Shirley Jackson
OL5097411A	Mac Barnett
OL51027A	Clement Clarke Moore
OL51027A	OL904271A	OL2865032A	OL2734240A	OL2853974A	OL9796802A	OL969224A	OL8166559A	OL10316794A	OL8391708A	Clement Clarke Moore	Anonymous	Jon Goodell	Jessie Wilcox Smith	Mark Marshall	Raquel Martin Peinado	Jessie Smith	Applewood Applewood Books	Erwin Hess	Birchall Publishing
OL512381A	Joy Kogawa
OL512656A	OL867253A	OL2894318A	Leo Africanus	Robert Brown	Leo
OL515330A	OL382273A	Black Elk	John Gneisenau Neihardt
OL51602A	Jones, Lloyd
OL51729A	Godbout, Jacques
OL51887A	Isaac Watts
OL52840A	Mordecai Richler
OL528658A	OL1770753A	Richard Paul Janaro	Thelma C. Altshuler
OL528864A	Howard Rothmann Bowen
OL52922A	Margaret Atwood
OL52940A	Михаил Афанасьевич Булгаков
OL529426A	OL2652836A	OL2650863A	OL2650864A	OL2651083A	Michael T. Madigan	Michael Madigan	John Martinko	Jack Parker	John M. Martinko
OL529531A	Barack Obama
OL529640A	James P. Womack
OL531166A	OL7988678A	Thomas S. Kuhn	Dennis Holland
OL53216A	Georg Wilhelm Friedrich Hegel
OL5322171A	Yash Patel
OL532636A	Raymond G. Miltenberger
OL53305A	Neil Gaiman
OL53336A	Desiderius Erasmus
OL5339647A	Sea Grant College Program Oregon State University
OL5339757A	Texas Sea Grant College Program.
OL534665A	Merrie Bergmann
OL5351025A	Chartered Association of Certified Accountants.
OL5361871A	Janice Denoncourt
OL536258A	Lawrence G. McMillan
OL536327A	OL4489598A	OL6158276A	OL7565916A	OL8624975A	American Psychological Association.	American Psychological Association	AMERICAN PSYCHOLOGICAL ASSOCIATION	6th Edition Publication Manual of the American Psychological Association	APA (2010)
OL537218A	René Girard
OL5372995A	Ransom Riggs
OL537889A	OL2640476A	Serope Kalpakjian	Steven Schmid
OL538063A	Geoffrey M. Cooper
OL53816A	Des Dillon
OL538956A	OL7463233A	OL10613610A	Nassim Nicholas Taleb	David Chandler	Nassim N. Taleb
OL538956A	OL8947030A	OL9107801A	Nassim Nicholas Taleb	Genís Sánchez Barberán	Albino Santos Mosquera
OL539266A	OL92896A	OL9608312A	Michael Pollan	Richie Chevat	Raul Nagore
OL539316A	Annette Curtis Klause
OL539397A	Eric Ambler
OL540486A	J. D. Salinger
OL540493A	OL6000373A	OL11436451A	OL11501283A	OL2703302A	OL12296721A	OL14090744A	OL11537601A	Norman Douglas	Norman Douglas	Norman (1868-1952) Douglas	Norman [1868 - 1952] Douglas	NORMAN DOUGLAS	Douglas, Norman Petrina, Carlotta,	Douglas, Norman and Angelo, Valenti (Illus. )	norman douglas
OL544675A	C. J. W. Allen
OL545311A	OL1454264A	OL4446159A	OL2846109A	OL2846110A	OL2730156A	Lawrence H. Miller	Peter H. Gregory	Lawrence Miller	Lawrence C. Miller	Peter H., CISA, CISSP Gregory	Peter Gregory
OL546052A	Apsley Cherry-Garrard
OL54732A	Ann Radcliffe
OL5476227A	OL392962A	OL391217A	Michael Levy	Michael Levy	Barton A. Weitz
OL548288A	OL407180A	Suzanne Schlosberg	Liz Neporent
OL548464A	Kay Lawson
OL548516A	OL2627815A	OL124171A	OL19677A	OL78910A	OL52922A	OL1195114A	Thomas R. Arp	Greg Johnson	Albert Camus	Антон Павлович Чехов	Chinua Achebe	Margaret Atwood	Richard Connell
OL551291A	Barbara Tuchman
OL556158A	James E. Anderson
OL558099A	B. Traven
OL562775A	OL5940149A	Gordon W. Allport	G W. Allport
OL5728694A	S. J. Watson
OL574973A	Douglas, Susan J.
OL575390A	Peter Benchley
OL575932A	Betty Neels
OL577983A	Sara Craven
OL578569A	Beryl Markham
OL579371A	OL27183A	Joe Girard	Stanley H. Brown
OL579379A	Simon Beckett
OL579730A	OL1354049A	OL1673351A	R. R. Palmer	Palmer	Joel G. Colton
OL579858A	C. W. Ceram
OL581007A	OL5472422A	OL15030523A	OL15030524A	OL15030525A	OL15022516A	OL15022517A	OL1356413A	Sima Qian	Burton Watson	裴駰	司馬貞	張守節	中華再造善本工程規劃指導委員會	中華再造善本工程編纂出版委員會	Ikkai, Tomoyoshi
OL58120A	Plutarch
OL5817016A	OL7597015A	David Airey	David Airey
OL588123A	Helen Joseph Armstrong
OL589216A	Catherine George
OL58993A	OL10893847A	OL14648448A	Théophile Gautier	G. Charpentier (1880)	Carolus Duran
OL58993A	Théophile Gautier
OL589978A	Gillian Richardson
OL59188A	Ayn Rand
OL59362A	Nancy Friday
OL593794A	OL406752A	Ernest Lawrence Thayer	Joe Torre
OL595213A	Hergé
OL5985725A	Canada. North Administration Branch. Welfare Division.
OL598906A	O. J. Peart
OL5992432A	Scheherazade
OL60352A	Jean Racine
OL60411A	Mario Benedetti
OL60439A	OL7275698A	OL2070244A	OL832118A	OL1966826A	OL2790446A	OL129198A	OL2466677A	Julian of Norwich	Warrack, Grace Harriet, 1855-1932	Julian	Frances Beer	Edmund Colledge	James Walsh	Jean Leclercq	John Skinner
OL60550A	Olaudah Equiano
OL608235A	OL2930260A	OL5244249A	OL2204640A	OL5940936A	Wu Cheng'en	Eleanor Hazard	Chʻeng-en Wu	Darwin L. Teilhet	Anthony C. Yu
OL6173447A	Blissett, Luther pseud.
OL620046A	Ray Oliver
OL622233A	Emily Post
OL6245647A	Muriel Barbery
OL629926A	F. Neirynck
OL6299300A	OL2944103A	OL2944104A	Zachary Pincus-Roth	Avenue Q	Zachary Pincus-Roth (Text And Interviews)
OL63387A	OL6390289A	Church of England	J. A. Maurault
OL6367309A	Canada. Dept. of Northern Affairs and National Resources. Northern Administration Branch.
OL637216A	R. D. Blackmore
OL63790A	Linwood Barclay
OL64552A	OL195576A	OL6008599A	OL5994403A	OL5998906A	OL6024626A	OL14485882A	William Beckford	Samuel Henley	Richard Garnett 	Samuel Henley	Franz Blei	John Beckford	Giaime Giaime Pintor
OL656011A	Helene Hanff
OL6562198A	Ze Wang
OL657204A	Chris Van Allsburg
OL659964A	Anne Weale
OL661093A	Penny Jordan
OL6616523A	OL7172837A	Becca Fitzpatrick	Becca Fritzpatrick
OL66452A	Miguel de Cervantes Saavedra
OL665753A	Lynne Graham
OL665887A	Guillermo José Schael
OL66700A	Paulo Coelho
OL6704789A	Jandy Nelson
OL6717007A	Lucy Christopher
OL6720423A	Rebecca Skloot
OL67280A	OL3895752A	OL3113732A	Michel Tournier	Michel Maillard	Arlette Bouloumié
OL673325A	Rainer Maria Rilke
OL673823A	Miranda Lee
OL6750109A	Chevy Stevens
OL67695A	OL2649801A	Paul O. Harder	Greg A. Steinke
OL6788551A	Kiera Cass
OL68291A	Jude Deveraux
OL6829A	Mao Zedong
OL68333A	John Milton
OL683896A	OL7553925A	OL7625969A	Tsʻao, Hsüeh-chʻin.	(qing) Cao, xue qin	Cao xue qin
OL68412A	James Orchard Halliwell-Phillipps
OL6841363A	Nichigai Asoshiētsu
OL68554A	OL297618A	Jacobus de Voragine	William Caxton
OL6856645A	Aristotle
OL688643A	Eric Rücker Eddison
OL688933A	International Telegraph and Telephone Consultative Committee. Plenary Assembly
OL6898863A	E. M. Forster
OL6899222A	Molière
OL6935134A	Jeff Whitty
OL6941838A	Jussi Adler-Olsen
OL6941868A	Ernest Cline
OL694360A	Arthur Quiller-Couch
OL694360A	OL7379579A	Arthur Quiller-Couch	Q
OL6969144A	OL6492468A	OL8336197A	Peter Dickinson	C. E. Gatchalian	Dalbir Singh
OL6987325A	Kay Thorpe
OL7015658A	Sarah Moon
OL7021331A	OL3358886A	Leonard Susskind	Art Friedman
OL7032054A	Leigh Bardugo
OL7034830A	Katherine Boo
OL7044246A	刘慈欣
OL7057060A	Marie Lu
OL7068593A	Rachel Joyce
OL70699A	Emma Donoghue
OL709121A	OL1460559A	OL8654905A	OL2783112A	OL7342508A	OL9182880A	Maj Sjöwall	Per Wahlöö	Ona Rius Piqué	Tom Weiner	Martin Lexell	Elda García
OL7093600A	E. L. James
OL7102592A	OL2898700A	Kevin P. Murphy	Kevin P. Murphy
OL710654A	Mary Renault
OL710654A	OL15849219A	Mary Renault	MaryRenault
OL7106665A	Chris Colfer
OL710984A	Steven H. Strogatz
OL7112053A	Arnold Francis
OL7115219A	Sarah J. Maas
OL7126491A	Charanjit Singh-Landa
OL7145305A	Carol Rifka Brunt
OL715297A	Edmund Crispin
OL7153934A	David Green
OL715418A	Graeme Simsion
OL7166036A	Fredrik Backman
OL7168505A	Hugh Howey
OL7172738A	OL821987A	OL7636493A	OL9144392A	OL15298918A	Malala Yousafzai	Christina Lamb	Malala Yousafzai	Malala Yousafazi	MALALA YOUSAFZAI 
OL717508A	Pierre J. Capretz
OL7175290A	Nabeel Qureshi
OL720924A	Jeffrey Eugenides
OL7234434A	Andy Weir
OL7243135A	Amy Tintera
OL7276129A	Victoria Aveyard
OL727975A	Darko Kajfez
OL7284407A	G. M. Berrow
OL7290155A	Jessica Knoll
OL7290350A	OL7404795A	Becky Albertalli	Adam Silvera
OL7290426A	J. D. Vance
OL729763A	Diana Hamilton
OL7310561A	OL7500332A	OL7956681A	Samantha Shannon	Samnatha Shannon	Alana Kerr
OL7315784A	Colleen Hoover
OL73278A	John Cleland
OL7363586A	Reformed Church in America. Board of Foreign Missions
OL73644A	OL9769897A	Arnon Grunberg	Arnon Grunberg
OL7366833A	Ottessa Moshfegh
OL7369617A	Shari Lapena
OL7370073A	OL13535039A	Angie Thomas	Angie Thomas
OL7387940A	Becky Chambers
OL740081A	J. J. Mueller
OL7404795A	Adam Silvera
OL7412371A	Cathy O'Neil
OL74434A	Aeschylus
OL7447258A	OL225203A	OL2737218A	Donald E. Kieso	Jerry J. Weygandt	Terry D. Warfield
OL74490A	Mario Vargas Llosa
OL74490A	OL2704471A	Mario Vargas Llosa	Helen Lane
OL7458898A	Alice Feeney
OL7469324A	Charanjit Singh
OL7477772A	Martin Kleppmann
OL7486254A	HOUGHTON MIFFLIN HARCOURT
OL7486498A	Carmen Maria Machado
OL7503617A	Nick Cutter
OL7504431A	OL2837944A	Elisabeth Vonarburg	Jane Brierley
OL7512348A	Pedro Domingos
OL7516132A	Judith Baity
OL7516759A	Christina Dalcher
OL75235A	Sir Walter Scott
OL7524747A	Dan Gemeinhart
OL75391A	Max Frisch
OL7549769A	OL1368A	Karl Marx	Friedrich Engels
OL7551522A	Premise Content
OL756209A	Lass Small
OL756213A	Lucy Gordon
OL7572554A	Daylite Publishing
OL7600455A	Bill Browder
OL76333A	OL2696365A	Marshall McLuhan	Marshal McLuhan
OL7640391A	Deborah Ellis
OL76547A	Martin Cruz Smith
OL766555A	Georgette Heyer
OL76675A	OL13492389A	Stephen Chbosky	Stephen Chbosky
OL7689240A	Xavier Mayne
OL76911A	OL463536A	Michio Kushi	Alex Jack
OL770407A	OL26997A	Daisy Ashford	J. M. Barrie
OL77081A	John Galsworthy
OL772829A	Margaret Oliphant
OL774774A	Malorie Blackman
OL775478A	David Paul Ewing
OL775910A	Charles Boer
OL7759271A	Pepper Winters
OL7783862A	Colin CJ Jarrett
OL779733A	Marcus Minucius Felix
OL780952A	H. R. Trevor-Roper
OL78288A	Guillermo Cabrera Infante
OL7842213A	David E. Shi
OL788688A	OL3376423A	OL324854A	Herbert W. Jackson	Dale Temple	Brian E. Kelly
OL7889810A	Claude C. Hopkins
OL78925A	Jodi Picoult
OL7898043A	Onjali Q. Rauf
OL78984A	OL2778455A	OL2778456A	David Ray Anderson	Dennis J. Sweeney	Thomas Arthur Williams
OL79023A	OL12756308A	OL12756309A	OL12756310A	OL12756311A	Arnold Schwarzenegger	Simon & Schuster  Inc	Simon & Schuster  Inc	Simon & Schuster  Inc	Simon & Schuster  Inc
OL79034A	Frank Herbert
OL79039A	Gustave Flaubert
OL79043A	Harris, Robert
OL79126A	Fred T. Jane
OL7934955A	Q Hayashida
OL79624A	ʻUmar ibn Muḥammad Nafzāwī
OL79750A	Sebastian Brant
OL7976416A	Onjali Q Raúf
OL7989995A	OL10339379A	Katz Cowley	Craig Smith
OL799671A	Jennifer Lynch
OL8002342A	Mike Ottley
OL8015593A	William McInnes
OL80534A	Lope de Vega
OL8101239A	Svetoslav P. Martinov
OL811660A	Michelle Reid
OL81831A	William Peter Blatty
OL819646A	Jomo Kenyatta
OL82236A	Alice Munro
OL82766A	Edward Lear
OL82840A	Francis Bacon
OL82891A	Juan Ramón Jiménez
OL82893A	Fernando de Rojas
OL829670A	Lucy S. Dawidowicz
OL831971A	Irving Wallace
OL832299A	Walter Isaacson
OL833570A	Walter R. Borg
OL83365A	OL7523503A	Cornelia Funke	Lionel Wigram
OL83503A	OL10618005A	OL9783623A	OL14659859A	OL3054487A	Alphonse Daudet	Carlos Cantueso	Tite Fée Tite Fée édition	Oliver C. Colt.	Not Stated
OL83503A	OL10881622A	OL8576700A	OL9081236A	OL9122962A	OL9122963A	Alphonse Daudet	Editions Editions AOJB	Didier Hallépée	Editions du Rey	José Roy	Fraipont
OL8354228A	B. Joy-Filled
OL8354734A	SuperSummary
OL835857A	Frank S. Budnick
OL8358739A	Joyful Creations
OL8373912A	OL8753437A	Jesse Sutanto	Jesse Q. Sutanto
OL837408A	MacKinlay Kantor
OL837437A	J. A. Collins
OL837676A	OL2785671A	Robert Descharnes	Gilles Néret
OL840268A	Irene Hunt
OL840316A	OL6020116A	William Smith	Mary Abby Thaxter Peloubet
OL840964A	OL840964A	OL15863855A	Okakura Kakuzō	Okakura Kakuzō	高玮
OL841112A	Donna Tartt
OL841402A	Jean Webster
OL8524602A	Rashell Choo
OL86757A	Jean Cocteau
OL868096A	Library of Congress. Subject Cataloging Division.
OL874206A	George Kennan
OL8753437A	Jesse Q. Sutanto
OL88204A	Erich Kästner
OL889275A	James Jones
OL890181A	Everett L. Shostrom
OL890666A	OL1395633A	OL229489A	OL3238499A	OL1302927A	OL381917A	Scott O’Dell	Lee Odell	Richard T. Vacca	Renee Hobbs	John E. Warriner	Judith L. Irvin
OL8909901A	Sŏng-su Yi
OL891032A	Lu Xun
OL891032A	OL244141A	Lu Xun	David Pollard
OL891758A	Mary O'Hara
OL891A	Mohandas Karamchand Gandhi
OL896513A	Justin Cronin
OL89930A	Pablo Neruda
OL9161902A	OL10733810A	OL9119368A	OL10993009A	OL4795384A	Anna Katharine Green	Anna Katharine Green	Cyanide Publishing	Anna Katherine Green	Anna Green
OL92800A	Omar Khayyam
OL92956A	Christopher Pike
OL9310463A	Doris Kearns Goodwin
OL93286A	Machado de Assis
OL9333784A	Monogrific Journals
OL9358569A	Unikkka Publishing
OL9388A	William Shakespeare
OL946366A	OL2749976A	OL3145850A	Charlotte Fiell	Peter Fiell	Simone Philippi
OL957317A	Milton Kaufman
OL957796A	Richard Hughes
OL9638313A	Kirschner KIRSCHNER KENNETH
OL9644176A	Chengafe ES
OL9644646A	Chengafe Agenda
OL9647843A	Pharmacy Testing Solutions
OL9658912A	The Rose
OL96984A	Orhan Pamuk
OL98209A	Thelma Lee-Mendoza
OL9876612A	Edmond Rostand
OL9900987A	John Bunyan
