work_key	title	first_publish_year	author_keys	author_names	subject_keys	edition_count	remove_reasons
/works/OL10416785W	Evgenii Onegin	1919	OL47908A	Александр Сергеевич Пушкин	continental_european_fiction_(fictional_works_by_one_author)|criticism_and_interpretation|dandies|english|fiction|man-woman_relationships|poetry|readers|russian_language|russian_language_books|russian_literature|social_life_and_customs|textbooks_for_foreign_speakers	20	poetry
/works/OL1066525W	Arms and the Man	1898	OL107911A	George Bernard Shaw	aufführung|british_and_irish_drama_(dramatic_works_by_one_author)|british_and_irish_fiction_(fictional_works_by_one_author)|classic_literature|copies_du_souffleur|drama|dramatic_production|england_fiction|english_drama|facsimiles|fiction|geschichte_(1894)|great_britain_social_life_and_customs_fiction|italians|manuscripts|plays|production_dramatique|promptbooks|serbo-bulgarian_war_1885|shaw_bernard_1856-1950|soldiers|theater|woodhouse_emma_(fictitious_character)_fiction|young_women_fiction	129	plays
/works/OL106975W	Flora's feast	1889	OL18092A	Walter Crane	children's_fiction|children's_poetry|fairies|fairies_in_art|fiction|flowers|flowers_fiction|juvenile_poetry|stories_in_rhyme	11	stories_in_rhyme
/works/OL1077888W	Unbeaten tracks in Japan	1880	OL110720A	Isabella L. Bird	biographies|biography|bird_isabella_l._(isabella_lucy)_1831-1904|britanniques|british|description_and_travel|descriptions_et_voyages|fiction|histoire|history|japan|japan_description_and_travel|japan_guidebooks|japan_social_life_and_customs|journeys|nonfiction|social_life_and_customs|travel|travel_literature|voyages_and_travels|voyageuses|women_biography|women_travelers	26	nonfiction
/works/OL107962W	Over the River and Through the Wood	1924	OL2958017A|OL3039404A|OL275314A|OL769474A|OL1652971A	Lydia Maria Child|C. Manson|Nadine Bernard Westcott|Christopher Manson|Brinton Turkle	american_poetry|animals|board_books|chameleons|children's_4-8_-_picturebooks|children's_poetry|children's_poetry_american|children's_songs|children_preschool|color|family_-_general|fiction|holidays__celebrations_-_thanksgiving|holidays__festivals_-_thanksgiving|identity|identity_(philosophical_concept)|juvenile_fiction|juvenile_nonfiction|juvenile_poetry|musical_books|non-classifiable|poetry|poetry_-_general|preschool_nursery_rhymes__poetry|songs|songs_and_music|specimens|texts|thanksgiving_day|toy_and_movable_books	23	poetry
/works/OL108698W	The Tale of the Flopsy Bunnies	1909	OL32541A|OL229963A|OL227339A|OL7678129A	Beatrix Potter|Wendy Rasmussen|Charles Santore|R.F. Gilmor	board_books|children's_fiction|children's_stories_english|easter_fiction|fiction|initial_teaching_alphabet|juvenile_fiction|picture_books|rabbits|rabbits_fiction|toy_and_movable_books	48	picture_books
/works/OL108751W	The pie and the patty-pan	1900	OL32541A	Beatrix Potter	animals|animals_fiction|cats|cats_fiction|cats_in_fiction|children's_fiction|children's_stories|children's_stories_english|dogs|dogs_fiction|dogs_in_fiction|fiction|hund|juvenile_fiction|katze|peter_rabbit_(fictitious_character)_fiction|picture_books|rabbits_fiction|zoology	35	picture_books
/works/OL108767W	The tale of Mrs. Tittlemouse	1910	OL32541A|OL229963A	Beatrix Potter|Wendy Rasmussen	adventure_and_adventurers_fiction|animals|animals_fiction|board_books|children's_fiction|children's_stories|children's_stories_english|ficción_juvenil|fiction|hedgehogs|initial_teaching_alphabet|juvenile_fiction|mice|mice_fiction|mice_in_fiction|orderliness|pictorial_works|picture_books|rabbits_fiction|ratones	48	picture_books
/works/OL108768W	The Tale of Two Bad Mice	1904	OL32541A	Beatrix Potter	behavior|casas_de_muñecas|children's_fiction|coloring_books|creative_activities_and_seat_work|dollhouses|dollhouses_fiction|ficción_juvenil|fiction|juvenile_fiction|mice|mice_fiction|picture_books|picture_books_for_children|ratones|specimens|toy_and_movable_books	67	picture_books
/works/OL108770W	The Tailor of Gloucester	1903	OL32541A|OL9360144A	Beatrix Potter|H y Xiao Phd	animals_fiction|cats|children's_fiction|children's_stories_english|christmas|christmas_fiction|christmas_stories|fairy_tales|ficción_juvenil|fiction|french_language|great_britain_fiction|hausmaus|juvenile_fiction|literature_and_fiction_juvenile|mice|mice_fiction|pictorial_works|picture_books|puss_in_boots_(tale)|rabbits_fiction|ratones|schneider|tailors|tailors_fiction	70	picture_books
/works/OL108771W	The Tale of Mrs. Tiggy-Winkle	1905	OL32541A|OL9360144A|OL3517920A|OL6987430A|OL6983699A	Beatrix Potter|H y Xiao Phd|Sam Thiewes|Anita C. Nelson|Orla Kiely	animals_fiction|children's_fiction|erizos|farm_life_fiction|ficción_juvenil|fiction|hedgehogs|hedgehogs_fiction|juvenile_fiction|picture_books	66	picture_books
/works/OL1089014W	Homer and His Age	1906	OL3152608A	Andrew Lang	ancient__classical|biography|biography__autobiography|civilization_homeric|criticism_and_interpretation|epic_poetry_greek|fiction|greek_epic_poetry|historical|history_and_criticism|homeric_civilization|homes|homes_and_haunts|literary|literary_criticism|mythology	91	biography__autobiography|literary_criticism
/works/OL1098379W	Peacock pie, a book of rhymes	1913	OL113574A	Walter De la Mare	children's_poetry|children's_poetry_english|children_grades_4-6|english_poetry|fiction|poetry|poetry_(poetic_works_by_one_author)	61	poetry
/works/OL1103619W	Salt water ballads and poems	1912	OL113831A	John Masefield	angol_irodalam|ballada|ballads|children's_poetry|english_ballads|english_poetry|fiction|insurance_investigators|juvenile_audience|poetry|ranches|sailing_ships|sea_poetry|sjömans_visor	40	ballads|poetry
/works/OL112822W	The Door in the Wall	1949	OL20520A|OL3572588A|OL38266A|OL12540536A	Marguerite de Angeli|Paul Champanier|Linda Stewart|José Luis Haering	14th_century|agemax11|agemin9|awardnewbery_award|bards_and_bardism|bible|biblical_influences|children|children's_fiction|children_with_disabilities|england_fiction|fiction|fiction_.|folk_singers|grademax6|grademin7|great_britain_fiction|historical_fiction|history|history_of_edward_iii_1327-1377|influence|juvenile_fiction|juvenile_literature|kings_queens_rulers_etc._fiction|lewis_carroll_shelf_award|lexile920|lexile_range901-1000|medieval_civilization|middle_ages|middle_ages_fiction|minstrels|newberry_medal|newbery_medal|newbery_medal_books|overcoming_disabilities|people_with_disabilities|physically_handicapped|poetry|regina_medal|special_education	33	poetry
/works/OL114931W	Let's Be Enemies	1940	OL19013A	Janice May Udry	children's_fiction|fiction|friendship|friendship_fiction|juvenile_fiction|picture_books	12	picture_books
/works/OL11553363W	Tale of Mr. Jeremy Fisher	1906	OL32541A	Beatrix Potter	animals_fiction|cats_fiction|children's_fiction|children's_stories|children's_stories_english|coloring_books|creative_activities_and_seat_work|farm_life_fiction|ficción_juvenil|fiction|fishers|fishes_fiction|fishing|fishing_fiction|fishing_stories|french_language|french_language_textbooks_for_children|frogs|frogs_fiction|frogs_in_fiction|juvenile_fiction|literature_and_fiction_juvenile|minnows|pictorial_works|picture_books|ranas|toy_and_movable_books|trout|weasels_fiction	81	picture_books
/works/OL115674W	Georgie	1920	OL19074A	Robert Bright	children's_fiction|cuentos_de_fantasmas|fiction|ghost_stories|ghosts|ghosts_fiction|haunted_houses|haunted_places|history|juvenile_fiction|picture_books|spanish_language_materials	11	picture_books
/works/OL115719W	Itchy, itchy chicken pox	1948	OL19091A	Grace Maccarone	arabic_language_materials|chicken_pox|chicken_pox_fiction|chickenpox|children's_fiction|cuentos_en_rima|enfermedades|fiction|juvenile_fiction|magic_fiction|novela_infantil|spanish_language_materials|stories_in_rhyme|viruses	11	stories_in_rhyme
/works/OL1196469W	A hope for poetry	1934	OL120803A	Cecil Day-Lewis	bounty_(ship)|english_poetry|english_poetry_history_and_criticism_20th_century|fiction|history_and_criticism|poetry	22	poetry
/works/OL1198482W	Sonnets from the Portuguese	1896	OL4278548A	Elizabeth Barrett Browning	correspondence|elston_press|english_love_poetry|english_poetry|english_poets|english_sonnets|english_women_poets|fiction|love-letters|miniature_books|poetry|poetry_(poetic_works_by_one_author)|specimens	55	poetry
/works/OL1202223W	The Technique of the Mystery Story	1913	OL121323A	Carolyn Wells	authorship|creative_writing|detective_and_mystery_stories|fiction|nonfiction|technique	182	nonfiction
/works/OL121255W	The adventures of Jimmy Skunk	1918	OL19164A	Thornton W. Burgess	animals|animals_fiction|children's_fiction|children's_stories|fiction|juvenile_fiction|picture_books|picture_books_for_children|shunks|skunks|skunks_fiction	17	picture_books
/works/OL1259810W	Alcools	1920	OL127193A	Guillaume Apollinaire	classic_literature|collections|english_poetry|fiction|french_poetry|philosophy_ancient|poetry|poetry_(poetic_works_by_one_author)|translations_from_french|translations_into_english	53	poetry
/works/OL138064W	Alice's Adventures in Wonderland / Through the Looking-Glass / The Hunting of the Snark	1924	OL22098A	Lewis Carroll	adventure_and_adventurers|adventure_and_adventurers_fiction|adventure_stories|adventure_travel|alice_(fictitious_character__carroll)|alice_(fictitious_character__carroll)_fiction|animals|anthropomorphism|artists'_illustrated_books|books_and_reading|british_and_irish_fiction_(fictional_works_by_one_author)|child_and_youth_fiction|children|children's_fiction|children's_literature|children's_literature_english|children's_stories|children's_stories_english|classic_literature|classics|criticism_and_interpretation|croquet|curiosity|curiosity_in_children|english|english_adventure_stories|english_fantastic_fiction|english_fantasy_fiction|english_fantasy_literature|english_humorous_poetry|english_language|english_literature|english_nonsense_verses|fairy_tales|fantasy|fantasy__magic|fantasy_fiction|fantasy_in_fiction|fantasy_literature_english|fiction|fiction_fantasy_general|friendship|girls|girls_fiction|history|history_and_criticism|hookahs|humor|humorous_stories|hunting_fiction|illustrations|imaginary_places|imagination__play|juvenile_audience|juvenile_fiction|juvenile_literature|legends|literary_nonsense|logic|mythical_animals|nonsense_verses|playing_cards|rabbits|readers|reading_materials|short_novel|tea|texts|translations_into_spanish	30	nonsense_verses
/works/OL14857159W	Many Moons	1943	OL20903A	James Thurber	awardcaldecott_award|caldecott_medal|children's_fiction|collectionidcaldecott40|fairy_tales|fiction|illustration|juvenile_fiction|moon_fiction|picture_books|princesses|unicorns	17	picture_books
/works/OL14877434W	The plays of Oscar Wilde	1905	OL20646A	Oscar Wilde	american_literature|anthologies|authors_irish|authors_irish_--_19th_century_--_correspondence|biography|books|books_reviews|british_and_irish_drama_(dramatic_works_by_one_author)|british_and_irish_fiction_(fictional_works_by_one_author)|collected_works_(single_author_multi-form)|correspondence|correspondence_(wilde_oscar)|criticism|criticism_and_interpretation|critique_et_interprétation|drama|dramatic_works|english_drama|english_historical_drama|english_language|english_language_textbooks_for_foreign_speakers|english_literature|english_poetry|english_wit_and_humor|fiction|gothic_fiction_(literary_genre)_american|history_and_criticism|immortality|industrial_relations|irish_authors|jews|literatura_inglesa|literature|literaturkritik|littérature_anglaise|long_now_manual_for_civilization|manners_and_customs|poesia|poetic_works|poetry_(poetic_works_by_one_author)|quotations|readers|reviews|saint_bartholomew's_day_massacre_of_france_1572|social_life_and_customs|teatro|textbooks_for_foreign_speakers|theory|translations_into_russian|wilde_oscar_1854-1900|wilde_oscar_1854-1900_--_correspondence|young_women	49	dramatic_works
/works/OL14877866W	The Soul of Man Under Socialism	1891	OL20646A	Oscar Wilde	biography|classic_literature|fiction|irish_authors|nonfiction|philosophy|political_science|politics|socialism	41	nonfiction
/works/OL14877869W	Intentions	1891	OL20646A	Oscar Wilde	aesthetics|art_critics|authors_biography|authors_english|authorship|biography|classic_literature|criticism|critics|dramatic_production|english_authors|english_literature|essays|fiction|history_and_criticism|murderers|nonfiction|poisoners	37	nonfiction
/works/OL14877870W	A Woman of No Importance	1893	OL20646A	Oscar Wilde	british_and_irish_drama_(dramatic_works_by_one_author)|children's_fiction|classic_literature|drama|drama_(dramatic_works_by_one_author)|english_drama|english_drama_(comedy)|english_literature|essays|fiction|literatur|man-woman_relationships|nonfiction|textanalyse|woman_of_no_importance_(wilde_oscar)	176	nonfiction
/works/OL14877873W	The selfish giant	1932	OL20646A	Oscar Wilde	british_and_irish_drama_(dramatic_works_by_one_author)|children's_fiction|contes_de_fées|fairy_tales|fiction|gardens_fiction|giants|giants_fiction|géants|juvenile_fiction|picture_books|romans_nouvelles_etc._pour_la_jeunesse|selfishness	37	picture_books
/works/OL14877876W	Poems	1881	OL20646A	Oscar Wilde	821.8|art|classic_literature|english_poetry|fiction|history_and_criticism|irish_authors|literature|poetry|poetry_(poetic_works_by_one_author)|pr5814_1997|pre-raphaelitism	53	poetry
/works/OL15049633W	La Petite Sirene (French Well Loved Tales)	1935	OL25931A|OL7597674A|OL6981084A	Hans Christian Andersen|Yayoi Kusama|Bernadette Watts	books|children|children's|children's_audiobooks|children's_fiction|children's_plays|children's_stories_danish|children's_stories_english|coloring_books|contes_danois|contes_de_fées|drama|easy_reading|fables|fairy_tales|fairytales|fantasy|fiction|folklore|folklore_denmark|hans_christian_anderson_(1805-1875)|juvenile|juvenile_fiction|kids|literature_and_fiction_juvenile|mermaids|mermaids_fiction|musical_books|picture_books|picture_books_for_children|picture_puzzles|plays|postcards_juvenile_literature|sacrifice|sound_effects_books|specimens|stories|tales|toy_and_movable_books|translations_into_english|translations_into_marathi|translations_into_russian	54	picture_books|plays
/works/OL15068176W	The Tale of Tom Kitten	1907	OL32541A|OL7548358A	Beatrix Potter|H.Y. Xiao PhD	cats|cats_fiction|children's_fiction|children's_stories_english|ducks|ducks_fiction|fiction|initial_teaching_alphabet|juvenile_fiction|kittens|picture_books|siblings_fiction|spanish_language_materials|tiger|toy_and_movable_books	57	picture_books
/works/OL15138675W	The emperor's new clothes	1945	OL25931A|OL533155A|OL7346331A|OL24244A	Hans Christian Andersen|Ève Tharlet|Jeffrey Stewart Timmins|Stephanie True Peters	aristocracy_(social_class)|behavior_fiction|children's_4-8|children's_booksages_4-8_fiction|children's_fiction|children's_stories|children's_stories_danish|children_preschool|classic_fairy_tales|classics|clothing_and_dress|clothing_and_dress_fiction|comic_and_graphic_books|danish_fairy_tales|deception|emperors|fairy_tales|fairy_tales__folklore_-_general|fairy_tales__folklore_-_single_title|fairy_tales_adaptations|fiction|juvenile_fiction|kings_queens_rulers_etc._fiction|korean_language_materials|non-classifiable|picture_books|polyglot_texts_selections_quotations|pride_and_vanity|spanish_language_materials|statesmen|tailors|tailors_fiction|translations_into_english	52	picture_books
/works/OL151449W	Alice in Wonderland (Alice's Adventures in Wonderland / Through the Looking Glass / Phantasmagoria / A Sea Dirge / Poeta fit, non nascitur /The Hunting of the Snark / A Tangled Tale)	1934	OL22098A	Lewis Carroll	adventure_and_adventurers|adventure_and_adventurers_fiction|adventure_stories|adventure_travel|animals|anthropomorphism|artists'_illustrated_books|books_and_reading|british_and_irish_fiction_(fictional_works_by_one_author)|child_and_youth_fiction|children|children's_fiction|children's_literature|children's_literature_english|children's_stories|children's_stories_english|classic_literature|classics|croquet|curiosity|curiosity_in_children|english|english_adventure_stories|english_fantastic_fiction|english_fantasy_fiction|english_fantasy_literature|english_language|english_literature|english_nonsense_verses|fairy_tales|fantasy|fantasy__magic|fantasy_fiction|fantasy_in_fiction|fiction|friendship|girls|girls_fiction|hookahs|humor|humorous_stories|illustrations|imaginary_places|imagination__play|juvenile_fiction|juvenile_literature|legends|literary_nonsense|logic|mythical_animals|nonsense_verses|playing_cards|rabbits|readers|reading_materials|short_novel|tea|texts	5	nonsense_verses
/works/OL1517956W	King Kong	1932	OL161160A|OL13657204A|OL2724663A	Edgar Wallace|Marian C. Cooper|Delos W. Lovelace	adventure_and_adventurers_fiction|adventure_stories|apes|children's_fiction|fiction|fiction_science_fiction_action__adventure|gorilla|king_kong_(fictitious_character)|king_kong_(fictitious_character)_fiction|motion_picture_industry|picture_books	25	picture_books
/works/OL151863W	Two little trains	1949	OL22122A	Margaret Wise Brown	children's_fiction|children's_stories_american|fiction|juvenile_fiction|railroad_stories|railroad_trains|railroads|railroads_fiction|stories_in_rhyme|trains	12	stories_in_rhyme
/works/OL151874W	The Important Book	1949	OL22122A	Margaret Wise Brown	children's_fiction|concepts|conduct_of_life|fiction|juvenile_fiction|nature_fiction|perception_fiction|picture_books|self-help_techniques_juvenile_literature|teachers|training_of|vocabulary|vocabulary_fiction	10	picture_books
/works/OL151879W	Wait Till the Moon Is Full	1948	OL22122A	Margaret Wise Brown	children's_fiction|fiction|juvenile_fiction|night|picture_books|raccoon|raccoon_fiction|raccoons	9	picture_books
/works/OL151880W	The golden egg book	1947	OL22122A	Margaret Wise Brown	animals|bunny|children's_fiction|duck|ducks|ducks_fiction|eggs|eggs_fiction|fiction|french_language_materials|jumping|juvenile_fiction|juvenile_fiction__interactive_adventures|little_golden_book|picture_books|rabbits|rabbits_fiction|resting|rolling|running|the_golden_egg_book|throwing	19	picture_books
/works/OL151882W	A Pussycat's Christmas	1949	OL22122A	Margaret Wise Brown	cats|cats_fiction|children's_fiction|children's_stories_american|christmas|christmas_fiction|christmas_stories|fiction|histoires_pour_enfants_américaines|holidays_fiction|juvenile_fiction|livres_d'images_pour_enfants|picture_books|picture_books_for_children|stories_in_rhyme	16	picture_books|stories_in_rhyme
/works/OL1526379W	Spring Is Here	1945	OL162026A	Lois Lenski	fiction|juvenile_poetry|picture_books_for_children|poetry|seasons|spring|stories_in_rhyme	7	poetry|stories_in_rhyme
/works/OL1526390W	The little airplane	1938	OL162026A	Lois Lenski	air_pilots|airplanes|children's_fiction|fiction|juvenile_fiction|picture_books	10	picture_books
/works/OL1527356W	Le avventure di Pinocchio	1883	OL162098A	Carlo Collodi	adventure_and_adventurers_fiction|audio_juvenile|blackbirds|boy|british_and_irish_fiction_(fictional_works_by_one_author)|carabinieri|carpenters|child_and_youth_fiction|children's_fiction|children's_literature|children's_stories|children's_stories_italian|children_grades_1-2|classic_literature|contes|contes_de_fées|crows|cuentos_de_hadas|dormice|england_fiction|fairy_tale|fairy_tales|fairy_tales.|falcons|fantasy|fantasy_fiction|fathers_and_daughters_fiction|fathers_and_sons|ficción|ficción_juvenil|fiction|fiction_fantasy_general|fiction_humorous_general|folklore|friendship_fiction|funeral_directors|general|glowworrms|hanging|honesty|honradez|illustrations|italian|italian_language|italian_language_materials|italy_fiction|juvenile_fiction|juvenile_literature|latin_language|literatura_infantil|long_now_manual_for_civilization|marionetas|marionettes|materiales_en_español|novela|novela_juvenil|owls|padre_e_hijos|pictorial_works|picture_books|pinocchio_(fictitious_character)|pinocchio_(fictitious_character)_fiction|poodles|puppet|puppet_plays|puppets|puppets_--_fiction.|puppets_fiction|rabbits|readers|ringmasters|spanish_language|spanish_language_books|spanish_language_materials|specimens|stagecoaches|titeres|tong_hua|toy_and_movable_books|truthfulness_and_falsehood|títeres|verdad_y_mentira|weasels|young_women_fiction	431	picture_books
/works/OL15396517W	Elizabethan Drama	1910	OL3451319A|OL9388A	Christopher Marlowe|William Shakespeare	ageing_parents|britons|castaways|children's_plays|classic_literature|classics|death|drama|drama_texts|drama_texts_from_c_1900_-|early_modern_and_elizabethan|education|english|english_drama|english_drama_(tragedy)|english_language|english_literature|english_literature_shakespeare_texts|english_plays|english_young_adult_drama|fathers|fathers_and_daughters|fathers_succession|fiction|higher_education|historical_drama|homicide|inheritance_and_succession|islands|juvenile_drama|juvenile_literature|kings_and_rulers|magicians|murder_victims'_families|open_syllabus_project|performing_arts|plays|political_refugees|princes|production_and_direction|quartos|regicide|regicides|revenge|scripts|shakespeare_plays|shipwreck_survival|shipwreck_victims|shipwrecks|spirits|succession|survival_after_airplane_accidents|texts|tragedy|tragicomedy	17	plays|scripts
/works/OL15420W	A book of strife in the form of the diary of an old soul	1880	OL23082A	George MacDonald	biography__autobiography|classic_literature|devotional_calendars|devotional_literature|devotional_poetry|english_christian_poetry|fiction|personal_christian_testimony__popular_inspirational_works|personal_memoirs|poetry_(poetic_works_by_one_author)	82	biography__autobiography
/works/OL15832810W	The rabbits' wedding	1919	OL1143022A	Garth Williams	children's_fiction|fiction|friendship|friendship_in_fiction|juvenile_fiction|picture_books|rabbits|rabbits_fiction|rabbits_in_fiction	8	picture_books
/works/OL16053414W	My world	1949	OL22122A	Margaret Wise Brown	bilingual_books_spanish-english|children's_fiction|conejos|familia|families|family|family_fiction|family_life|family_life_fiction|ficción_juvenil|fiction|juvenile_fiction|novela_juvenil|picture_books|rabbits|rabbits_fiction|senses_and_sensation_fiction|spanish_language_materials	17	picture_books
/works/OL16067296W	The tale of Jemima Puddle-Duck	1908	OL32541A|OL3458871A	Beatrix Potter|Colin Twinn	accelerated_reader|animal_stories|animales_dome_sticos|animals|animals_in_fiction|behavior|behavior_fiction|children's_fiction|children's_stories_english|dogs|dogs_fiction|dogs_in_fiction|domestic_animals|domestic_animals_fiction|domestic_animals_in_fiction|ducks|ducks_fiction|ducks_in_fiction|farm_life_fiction|festivals_fiction|ficción_juvenil|fiction|foxes|foxes_fiction|foxes_in_fiction|french_language_materials|french_language_readers|french_language_textbooks_for_children|gansos|geese|jemima_puddle-duck_(fictitious_character)|juvenile_fiction|lexile|novela_juvenil|patos|pictorial_works|picture_books|picture_books_for_children|rabbits|readers_(elementary)|readers_(primary)|sound_effects_books|spanish_language_materials|specimens|toy_and_movable_books	106	picture_books
/works/OL160851W	Night has a Thousand Eyes	1945	OL2205533A	Cornell Woolrich	fathers_and_daughters_fiction|fiction|fiction__mystery__detective__general|fiction_mystery__detective_general|fiction_thrillers_suspense|mystery__detective_-_general|mystery_fiction|mysterysuspense|nonfiction|prophecies_(occultism)|psychics	11	nonfiction
/works/OL16246083W	Tod in Venedig	1925	OL22973A	Thomas Mann	continental_european_fiction_(fictional_works_by_one_author)|criticism_and_interpretation|european|fiction|fiction_psychological|fiction_short_stories_(single_author)|gustav_von_aschenbach_(fictitious_character)|homosexuality|lgbtq_fiction_before_stonewall|literary_criticism|male_homosexuality|middle-aged_men|middle_age|tod_in_venedig_(mann_thomas)|translations_into_english|venice_(italy)_fiction	38	literary_criticism
/works/OL16248151W	Histoire de Babar, le petit éléphant	1931	OL119416A	Jean de Brunhoff	babar_(fictitious_character)_fiction|children's_fiction|children's_stories_french|description_and_travel|elephants|elephants_fiction|families|fiction|folklore|french_language|juvenile_fiction|photography|pictorial_works|picture_books|readers|social_life_and_customs	16	picture_books
/works/OL1793135W	Idle Thoughts of an Idle Fellow	1880	OL215610A	Jerome Klapka Jérôme	anecdotes|english_wit_and_humor|essays|fiction|humor|humor_(nonfiction)|humor_form_essays|nonfiction|sale_books|san_wen_ji	433	nonfiction
/works/OL1794543W	With Kitchner in the Soudan	1902	OL215689A	G. A. Henty	adventure_stories|africa_fiction|conduct_of_life|courage|egypt|fiction|fiction_historical_general|friendship|histoire|history|juvenile_fiction|large_type_books|military|military_history|nonfiction|omdurman_battle_of_omdurman_sudan_1898|romans_nouvelles|soldiers|war_stories|youth|youth_and_death	54	nonfiction
/works/OL1794574W	With Buller in Natal, or, A born leader	1900	OL215689A	G. A. Henty	fiction|fiction_historical_general|history|juvenile_fiction|nonfiction|south_african_war_1899-1902|south_african_war_1899-1902_fiction	25	nonfiction
/works/OL1797316W	Poems	1913	OL215841A	Paul Laurence Dunbar	811.4|african_americans|african_americans--poetry|american_poetry|fiction|juvenile_literature|literatura_norte-americana|noirs_américains|poesia|poetry|poetry_(poetic_works_by_one_author)|poésie|poésies|ps1556_.a1_1993	18	poetry
/works/OL1898303W	And to think that I saw it on Mulberry Street	1937	OL2622837A	Dr. Seuss	boys|children's_fiction|children's_picture_books|children's_stories|fiction|imagination|imagination_fiction|juvenile_fiction|spanish_language_materials|stories_in_rhyme	20	stories_in_rhyme
/works/OL190149W	It looked like spilt milk	1947	OL2187724A	Charles Green Shaw	bilingual|bilingual..|children's_fiction|clouds|fiction|flowers|form_perception|hmong_language_materials|juvenile_fiction|juvenile_literature|nature_fiction|picture_books|rabbits|shapes|size_and_shape_fiction	7	picture_books
/works/OL190289W	Timothy Turtle	1946	OL2188025A	Al Graham	children's_fiction|collectionidcaldecotthonor40|fame|fiction|juvenile_fiction|stories_in_rhyme|turtles|voyages_and_travels	8	stories_in_rhyme
/works/OL1980945W	Madeleine	1920	OL238268A	Ludwig Bemelmans	agemax5|agemin1|appendicitis|appendix_(anatomy)|awardcaldecott_award|boarding_school_students|boarding_schools|caldecott_honor|children's_fiction|children's_stories|collectionidcaldecotthonor40|cuentos_en_rima|enfermos|ficción_juvenil|fiction|france|france_fiction|francia|friendship|girls|hospitals|illustrated_books_childrens'|juvenile_fiction|juvenile_literature|lexile680|lexile_codead|lexile_range601-700|literature_and_fiction_juvenile|madeline_(fictitious_character)|madeline_(fictitious_character)_fiction|medical_fiction|orphans|orphans_fiction|oversize_books|paris_(france)|paris_(france)_fiction|school_children|schools|sick|sick_children|spanish_language_materials|specimens|stories_in_rhyme|surgery|toy_and_movable_books	74	stories_in_rhyme
/works/OL1981005W	Madeline's Rescue	1900	OL238268A	Ludwig Bemelmans	agemax7|agemin3|animal_welfare|audiobooks|awardcaldecott_award|caldecott_medal|caldecott_medal_book|children|children's_audiobooks|children's_fiction|children's_stories|children's_stories_american|collectionidcaldecott50|conduct_of_life|dogs|dogs_fiction|fiction|france_fiction|girls|juvenile_fiction|lexile460|lexile_codead|lexile_range401-500|literature_and_fiction_juvenile|madeline_(fictitious_character)|madeline_(fictitious_character)_fiction|orphans|orphans_fiction|paris_(france)|paris_(france)_fiction|picture_books|picture_books_for_children|rescues|schools|stories_in_rhyme|students	39	picture_books|stories_in_rhyme
/works/OL2013428W	Nothing at all	1941	OL242646A	Wanda Gág	animals|animals_infancy_fiction|brothers|children's_fiction|children's_literature|children's_stories|collectionidcaldecotthonor40|dogs|dogs_fiction|fiction|infancy|juvenile_fiction|literary_criticism|magic|magic_fiction|orphans|pets	5	literary_criticism
/works/OL2013431W	The ABC bunny	1933	OL242646A	Wanda Gág	alphabet|alphabet_books|alphabet_rhymes|children's_fiction|english_language_alphabet_juvenile_literature|fiction|juvenile_fiction|juvenile_literature|newbery_honor|picture_books|rabbits|rabbits_fiction|stories_in_rhyme	20	picture_books|stories_in_rhyme
/works/OL20159W	A  diversity of creatures	1917	OL24461A	Rudyard Kipling	british_and_irish_fiction_(fictional_works_by_one_author)|correspondence|drug_addiction|english_science_fiction|english_short_stories|fiction|floods|juvenile_fiction|mental_illness|poems|twenty-first_century|utopias|voyages_and_travels	119	poems
/works/OL2023849W	Curious George	1941	OL244358A|OL37887A	H. A. Rey|Margret Rey	big_books|bilingual|bilingual_books_spanish-english|children's_fiction|curiosity|curious_george_(fictitious_character)|curious_george_(fictitious_character)_fiction|ficción_juvenil|fiction|folklore|giraffe|giraffes_fiction|juvenile_fiction|monkeys|monkeys_fiction|monos|novela|picture_books|readers|spanish_language|spanish_language_materials|spanish_language_textbooks_for_children|stories	21	picture_books
/works/OL2030287W	Barkis	1938	OL245390A	Clare Turlay Newberry	brothers_and_sisters|collectionidcaldecotthonor30|dogs|fiction|juvenile_fiction|picture_books	3	picture_books
/works/OL2040921W	The Carrot Seed	1945	OL247209A	Ruth Krauss	carrots|children's_fiction|ficción_juvenil|fiction|gardening|gardening_fiction|gardens|jardinería|juvenile_fiction|large_type_books|picture_books|plants_fiction|readers|seeds|spanish_language|stories|vegetable_gardening	40	picture_books
/works/OL2040961W	I Can Fly (A Golden Classic)	1950	OL247209A	Ruth Krauss	children's_fiction|fiction|flying|play|play_fiction|stories_in_rhyme	10	stories_in_rhyme
/works/OL2040972W	The Growing Story	1947	OL247209A|OL2258506A|OL6901900A	Ruth Krauss|Phyllis Rowand|Phyllis Rowand	animaux|animaux_de_la_ferme|body_size|boys_fiction|children|children's_fiction|croissance|enfants|fermes|fiction|growth|growth_fiction|inquiétude|juvenile_fiction|livres_illustrés_pour_enfants|mères_et_fils|ouvrages_pour_la_jeunesse|picture_books|plantes|saisons|seasons	12	picture_books
/works/OL2040974W	Bears	1948	OL247209A	Ruth Krauss	bears|bears_--_juvenile_fiction|bears_fiction|children's_fiction|cuentos_en_rima|ficción_juvenil|fiction|juvenile_fiction|osos|picture_books|picture_books_for_children|spanish_language_materials|stories_in_rhyme	17	picture_books|stories_in_rhyme
/works/OL2040978W	A very special house	1920	OL247209A	Ruth Krauss	children's_fiction|collectionidcaldecotthonor50|dwellings|fiction|folklore_united_states|home|houses|houses_fiction|imagination|juvenile_fiction|picture_books|stories_in_rhyme	14	picture_books|stories_in_rhyme
/works/OL22156524W	The Tale of Benjamin Bunny	1904	OL32541A|OL229963A	Beatrix Potter|Wendy Rasmussen	animals_fiction|cats|children's_fiction|children's_literature_welsh|children's_stories_english|conduct_of_life|cousins|fiction|juvenile_fiction|obedience|parent_and_child|peter_rabbit_(fictitious_character)_fiction|picture_books|rabbits|rabbits_fiction|spanish_language_readers|toy_and_movable_books	92	picture_books
/works/OL239940W	कामसूत्र	1883	OL4328A	Vatsyāyana	amor|amour|buddhism_sacred_books|classic_literature|coitus|conduct_of_life|early_works_to_1800|erotic_art|erotic_literature|erotic_literature_indic|erotica|erotische_literatur|fiction|fiction_historical_general|hindu_literature|hindu_philosophy|hinduismus|history|human_relations|india_social_life_and_customs|indic_erotic_literature|indic_literature_translations_into_english|interpersonal_relations|kama_sutra|kama_sutra_illustrated|kamasutra|literatura_erótica_índica|littérature_érotique|littérature_érotique_sanskrite|love|lovemaking|mind_and_body|morale_sexuelle|new_york_times_reviewed|nonfiction|obras_anteriores_a_1800|reference_books|relaciones_sexuales|relations_sexuelles|religious_literature|sanskrit|sanskrit_erotic_literature|seduction|sex|sex__sexuality|sex_customs|sex_education|sex_instruction|sex_positions|sexo|sexology|sexual_behavior|sexual_ethics|sexual_intercourse|sexuality|sexualité|sexualverhalten|sociology|specimens|sutras|toy_and_movable_books|traductions_françaises|vatsyayana|vie_sexuelle|éducation_sexuelle	381	nonfiction
/works/OL240168W	North of Boston	1910	OL114093A	Robert Frost	american_literature|american_poetry|classic_literature|fiction|library|personal_copy|poetry	56	poetry
/works/OL240566W	An Inspector Calls	1945	OL117687A	J. B. Priestley	american_drama_(dramatic_works_by_one_author)|british_and_irish_drama_(dramatic_works_by_one_author)|children's_plays|criticism_and_interpretation|drama|englischunterricht|english_drama|fiction|inspector_calls|inspector_calls_(priestley_j._b.)|play|plays|texts	47	plays
/works/OL24325W	Die schönsten Märchen	1880	OL25931A|OL8150316A	Hans Christian Andersen|Jin-kyeong Lee	birds_fiction|children's_fiction|children's_literature_danish|children's_stories_danish|cuentos_de_hadas|danish_literature|fairy_tales|ficción_juvenil|fiction|fossils|juvenile_fiction|juvenile_literature|kings_and_rulers|literature_and_fiction_juvenile|monasticism_and_religious_orders_for_women|nightingale|nightingale_in_fiction|nightingales|nightingales_in_fiction|nightmares_fiction|ouvrages_illustrés|pictorial_works|picture_books|picture_books_for_children|readers|romans_nouvelles_etc._pour_la_jeunesse|rossignol_philomèle|ruiseñores|translations_into_english|translations_into_russian|vocation_(in_religious_orders_congregations_etc.)	53	picture_books
/works/OL244537W	The Art of War	1900	OL30553A|OL15264001A	孙武|Sun Tzu 	355.02|administración|ancient__medieval_military_history|aptitudes_de_mando|art_et_science_militaire|art_et_science_militaires|art_militaire|asia_-_general|asian_philosophy|bg-history_-_bg-warmilitary_transport|business|business__economics|business__economics__finance|business__economics__management|business__economics__negotiating|business__economics__sales__selling|business_strategy|businesseconomics|china|chinese_history|chinese_language|ciencia_militar|ciência_militar|classic_literature|classics|comic_books_strips|comics__graphic_novels_nonfiction_general|competition|competition_(psychology)|conflict_management|criticism_and_interpretation|defence_strategy_planning__research|early_works_to_1800|eastern|eastern_-_general|estrategia|executive_ability|exito_en_los_negocios|fiction|general|gestion_d'entreprise|great_books_of_the_western_world|guerra|guerre|history|history_--_asia_--_china|history_--_military_--_strategy|history_-_military__war|history__military__general|history__military__strategy|illustration_of_books|illustrations|industrial_management|krigskonst|leadership|literary|literary_collections|literature_-_lit_classics_trd_pb|literature_classics|long_now_manual_for_civilization|management|management_-_general|management_science|marketing|marketing_-_general|military|military_-_general|military_and_warfare|military_art_and_science|military_art_and_science--early_works_to_1800|military_art_and_science_--_early_works_to_1800|military_art_and_science_early_works_to_1800|military_art_and_science_history|military_history|military_history_-_ancient|military_science|negotiating|new_york_times_reviewed|nonfiction|obras_anteriores_a_1800|open_library_staff_picks|open_syllabus_project|organizational_behavior|other|other_prose_classical_early__medieval|ouvrages_avant_1800|parent_and_teenager|parenting|peace|persuasion|philosophy|philosophy__eastern|philosophy_and_ethics|philosophy_asian|philosophy_chinese|philosophy_taoist|pictorial_works|political_science|political_science__history__theory|political_science_history|politics|politics__government|readers|reference|reference_-_general|religion|religious_aspects|religious_aspects_of_conflict_management|religious_aspects_of_peace|sales|sales__selling_-_management|sales_management|sales_promotion|salesmanship|self-help_techniques|self-improvement|selling|social_history|spiritual_warfare|spirituality_-_general|strategic_planning|strategy|strategy__weapons_of_war|stratégie|success_in_business|succès_dans_les_affaires|sunzi_active_6th_century_b.c.|sunzi_bing_fa_(sunzi)|tactics|tangut_language|taoísmo|technology__engineering|theory_of_warfare__military_science|u101_.s95_1983|u101_.s95_1994|verk_före_1800|war|war_(philosophy)|war_--_early_works_to_1800|war_and_society|war_history|warfare__defence|world_history|éxito_en_los_negocios	1434	nonfiction
/works/OL2533488W	Hōjōki	1892	OL358183A|OL4014617A|OL7654716A|OL7628788A|OL4322399A	Chōmei Kamo|Nicola Liscutin|Michael Hofmann|Matthew Stavros|Reginald Jackson	895.612|asian_-_general|buddhist_legends|criticism_and_interpretation|fiction|hermits|history|international_relations|japan_fiction|japanese_essays|japanese_literature|japanese_literature_translations_into_english|japanese_prose_literature|japanese_prose_literature--1185-1600|kamo_chōmei|kamo_chōmei_(1153-1216)|kamo_chōmei_dd_1153-1216|literary_criticism|literature_-_classics__criticism|pl791.2.h6_e5_1996|poetry_(poetic_works_by_one_author)|social_life_and_customs|yoshida_kenkō|yoshida_kenkō_(1282-1350)	61	literary_criticism
/works/OL2568868W	In the Night Kitchen	1889	OL366346A	Maurice Sendak	baking|cake|children's_fiction|children's_stories|collectionidcaldecotthonor70|cooking_fiction|cuisson_au_four|dreams|fantasy|fantasy_fiction|fiction|hornería|juvenile_fiction|lait|leche|milk|night_fiction|novela_juvenil|picture_books|picture_books_for_children|pictures|romans_nouvelles_etc._pour_la_jeunesse|rêves|spanish_language|sueños|tortas	41	picture_books
/works/OL2588322W	Ask Mr. Bear	1932	OL371194A	Marjorie Flack	animals|animals_fiction|anniversaires_de_naissance|bears|bears_--_juvenile_fiction|bears_fiction|birthdays|birthdays_fiction|chidren's_literature|children's_fiction|cumulative_books|fiction|juvenile_fiction|picture_books|romans_nouvelles_etc._pour_la_jeunesse|specimens	26	picture_books
/works/OL258888W	Tragedies (Hamlet / King Lear / Macbeth / Othello)	1924	OL9388A	William Shakespeare	ageing_parents|bilingual|british_and_irish_drama_(dramatic_works_by_one_author)|britons|children's_plays|chinese_language_materials|classic_literature|death|drama|drama_texts|drama_texts_from_c_1900_-|english|english_drama|english_drama_(tragedy)|english_language|english_literature|english_plays|english_young_adult_drama|fathers|fathers_and_daughters|fathers_succession|fiction|hamlet_(legendary_character)|homicide|inheritance_and_succession|juvenile_drama|juvenile_literature|kings_and_rulers|murder_victims'_families|open_syllabus_project|othello_(fictitious_character)|performing_arts|plays|princes|production_and_direction|quartos|regicide|regicides|revenge|scripts|shakespeare|shakespeare_plays|shakespeare_william_1564-1616_tragedies|succession|texts|tragedy	27	plays|scripts
/works/OL258990W	Works (46)	1905	OL9388A	William Shakespeare	822.33|ageing_parents|british_and_irish_drama_(dramatic_works_by_one_author)|britons|castaways|children's_plays|civil_rights_(jewish_law)|classic-classical_literature|classic_literature|classics|comedies|comedy|conflict_of_generations|conspiracies|courtship|criticism_and_interpretation|criticism_and_interpretationshakespeare_william__1564-1616|death|drama|drama_(dramatic_works_by_one_author)|drama_in_english_william_1564-1616|drama_texts|drama_texts_from_c_1900_-|dramatic_production|english|english_drama|english_drama_(collections)_early_modern_and_elizabethan_1500-1600|english_drama_(comedy)|english_drama_(tragedy)|english_language|english_literature|english_literature_shakespeare_texts|english_love_stories|english_plays|english_young_adult_drama|families|fathers|fathers_and_daughters|fathers_succession|fiction|homicide|humorous_plays|inheritance_and_succession|islands|judaism|juvenile_drama|juvenile_literature|kings_and_rulers|literary_collections|love-romance-fiction|love_in_adolescence|magicians|man-woman_relationships|medicine_in_literature|mistaken_identities|murder_victims'_families|open_syllabus_project|performing_arts|plays|poetry_(poetic_works_by_one_author)|political_refugees|pr2755_.w45_2005|princes|production_and_direction|quartos|regicide|regicides|rejection_(psychology)|revenge|scripts|shakespeare|shakespeare_plays|shakespeare_william_1564-1616|shakespeare_william_1564-1616_criticism_and_interpretation|shakespeare_william_1564-1616_in_literature|shakespeare_william_1564-1616_societies_periodicals_etc.|shakespeare_william__1564-1616|shipwreck_survival|shipwreck_victims|shipwrecks|spirits|succession|suicide|survival_after_airplane_accidents|suspense-fiction|texts|tragedies|tragedy|tragicomedy|vendetta|youth	45	plays|scripts
/works/OL261155W	The Lorax	1911	OL2622837A	Dr. Seuss	air|children's_fiction|children's_stories|coloring_books|conservation_of_natural_resources|cuentos_en_rima|deforestation|ecology_fiction|environmental_aspects|environmental_aspects_of_industries|environmental_protection|fiction|forest_conservation|industries|juvenile_fiction|new_york_times_bestseller|nytpicture_books2012-02-11|pictorial_works|pollution|pollution_fiction|stories_in_rhyme	23	stories_in_rhyme
/works/OL261166W	Horton Hatches the Egg	1940	OL2622837A	Dr. Seuss	animals|children's_fiction|children's_literature|children's_stories|classics|eggs|elephants|elephants_fiction|fantasy|fantasy_fiction|fiction|folklore|humorous_stories|incubation|juvenile_fiction|legends_and_stories|parenting|picture_books|reliability|stories_in_rhyme|stories_in_verse	15	picture_books|stories_in_rhyme
/works/OL261177W	If I Ran the Zoo	1950	OL2622837A	Dr. Seuss	animals_mythical_fiction|children's_fiction|children's_poetry_american|collectionidcaldecotthonor50|fantasy|fantasy_fiction|fiction|humorous_stories|imaginary_animals|imaginary_creatures|imagination|juvenile_fiction|juvenile_fiction__animals__zoos|juvenile_fiction__classics|juvenile_fiction__humorous_stories|juvenile_literature|juvenile_poetry|kids|mythical_animals|nonsense_verses|pictorial_works|picture_books|seuss|stories_in_rhyme|zoos|zoos_fiction	17	nonsense_verses|picture_books|stories_in_rhyme
/works/OL261187W	McElligot's Pool	1947	OL2622837A	Dr. Seuss	american_fantasy_poetry|boys|children's_fiction|children's_stories|collectionidcaldecotthonor40|conduct_of_life|fiction|fishing|fishing_fiction|fishing_stories|imagination|juvenile_fiction|juvenile_literature|juvenile_poetry|optimism|reading_resources|stories_in_rhyme	16	stories_in_rhyme
/works/OL261213W	Thidwick the Big-Hearted Moose	1948	OL2622837A	Dr. Seuss	children's_fiction|fiction|juvenile_fiction|moose|moose_fiction|stories_in_rhyme	21	stories_in_rhyme
/works/OL261221W	Bartholomew and the oobleck	1949	OL2622837A	Dr. Seuss	children's_fiction|collectionidcaldecotthonor50|fantasy|fiction|juvenile_fiction|kings_queens_rulers|magic|stories_in_rhyme|weather|wit_and_humor	10	stories_in_rhyme
/works/OL262568W	The New Revelation	1918	OL161167A	Arthur Conan Doyle	biography__autobiography|classic_literature|fiction|new_age|nonfiction|religion__spirituality|spiritisme|spiritualism|washington_(d.c.)_description_and_travel|washington_(d.c.)_history	51	biography__autobiography|nonfiction
/works/OL2636937W	The hound of heaven	1950	OL384206A|OL2755134A	Gordon MacDonald|Francis Thompson	1859-1907|adaptations|american_-_general|christian_life_-_inspirational_-_gifts|conversion|fiction|inspirational_-_gifts|inspirational__religious|modern_fiction|poetry|poetry_(poetic_works_by_one_author)|thompson_francis|works_by_individual_poets_19th_century	20	poetry
/works/OL267926W	Spoon River Anthology	1914	OL399682A|OL9942206A|OL511114A|OL440676A	Edgar Lee Masters|Beatriz Martín Vidal|Mario Giacomelli|Patrick Reumaux	american_poetry|cemeteries|city_and_town_life|classic_literature|collections|conto_norte_americano|dead|epitaphs|fiction|modern_poetry|non-classifiable|poesia_norte_americana|poetry|poetry_(poetic_works_by_one_author)|reading_level-grade_10|reading_level-grade_11|reading_level-grade_12|works_by_individual_poets_from_c_1900_-	170	poetry
/works/OL273544W	The Works of Edgar Allan Poe in Five Volumes - Volume Five	1903	OL28127A	Edgar Allan Poe	19th_century_american_fiction|american_children's_poetry|american_fantasy_poetry|american_horror_tales|american_poetry|busts|children's_poetry|chinese|classic_literature|death|dictionaries|english_language|fantasy_fiction|fantasy_poetry|fiction|french|german|gothic_poetry|grief|juvenile_poetry|korean|laments|love_poetry|narrative_poetry|poetry|poetry_(poetic_works_by_one_author)|ravens|single_author_collections|spanish|supernatural|talking_birds|young_adult_nonfiction	37	poetry
/works/OL276472W	Italian Hours	1909	OL21001A	Henry James	american_authors|authors_biography|biography|classic_literature|description_and_travel|descriptions_et_voyages|fiction|italy|italy_description_and_travel|james_henry_1843-1916|journeys|nonfiction|travel|voyages|écrivains_américains	32	nonfiction
/works/OL27692W	A tale for Easter	1941	OL26370A	Tasha Tudor	animals|board_books|children's_fiction|easter|easter_fiction|easter_stories|fiction|juvenile_fiction|picture_books|toy_and_movable_books	11	picture_books
/works/OL27696W	Pumpkin moonshine	1938	OL26370A	Tasha Tudor	board_books|children's_fiction|farm_life|farm_life_fiction|fiction|halloween|halloween_fiction|juvenile_fiction|picture_books|pumpkin|pumpkin_fiction|romans_nouvelles_etc._pour_la_jeunesse|vie_à_la_ferme	10	picture_books
/works/OL2772007W	The Yellow Wallpaper	1892	OL408063A	Charlotte Perkins Gilman	813.4|american|american_literature|cynthia_hilden|depression_postpartum|feminism_and_literature|feminism_and_literature--united_states|fiction|fiction_psychological|fiction_short_stories_(single_author)|gilman_charlotte_perkins__1860-1935|hp_lovecraft|library|literary_criticism|literature|marriage|married_people_fiction|married_women|married_women--psychology|married_women--psychology--fiction|married_women_in_literature|mental_illness|mentally_ill_persons|mentally_ill_women|mentally_ill_women--fiction|mentally_ill_women_in_literature|personal_copy|ps1744.g57_y4534_1993|ps1744.g57_y45_1996|psychology|sex_role|sex_role--fiction|sex_role_in_literature|special_collections|the_yellow_wallpaper_(gilman)|whitman_college|women|women_and_literature|women_and_literature--united_states	537	literary_criticism
/works/OL27930W	Riders to the sea	1911	OL26405A	J. M. Synge	british_and_irish_drama_(dramatic_works_by_one_author)|criticism_and_interpretation|drama|drowning_victims|english_irish_scottish_welsh|english_literature|fiction|mothers_and_sons|plays|seafaring_life	45	plays
/works/OL2810612W	The Poky Little Puppy	1942	OL417732A	Janette Sebring Lowrey	animals|behavior|brothers_and_sisters|children's_fiction|dogs|dogs_fiction|fiction|infancy|juvenile_fiction|picture_books|puppies|tardiness	8	picture_books
/works/OL28571W	Darkwater; voices from within the veil	1920	OL26460A	W. E. B. Du Bois	african_americans|brownstone_buildings|eccentrics_and_eccentricities|fiction|influence|inner_cities|musicians|nonfiction|philosophy|race_relations|september_11_terrorist_attacks_2001|squatters|united_states_--_race_relations|united_states_history|united_states_race_relations|world_history|young_men	136	nonfiction
/works/OL28577W	The Souls of Black Folk	1903	OL26460A	W. E. B. Du Bois	305.896073|973.0496073|african_american|african_americans|african_americans--history|african_americans--intellectual_life|african_americans--social_conditions|african_americans--study_and_teaching_(higher)|african_americans_study_and_teaching|afro-americans|american|american_literature|american_literature_african_american_authors|biographies_amp_autobiographies|biography__autobiography|civil_rights|classic_literature|concertos_(oboe_with_string_orchestra)_arranged|criticism_and_interpretation|e185.97_.d836_2015|fiction|general|histoire|history|history__united_states__state__local__general|intellectual_life|literary_collections|literary_criticism|long_now_manual_for_civilization|military_hygiene|negers|noirs_américains|nonfiction|ouvrages_illustrés|people_of_color|pictorial_works|quelle|race_relations|racism|rassendiskriminierung|relations_raciales|social_conditions|sociology|solo_with_piano|souls_of_black_folk_(du_bois_w.e.b.)|soziale_situation|state__local|study_and_teaching_(higher)|the_souls_of_black_folk_(du_bois)|united_states_history|united_states_race_relations|vie_intellectuelle|world_history	412	biography__autobiography|literary_criticism|nonfiction
/works/OL29475W	Hurry up, Franklin	1900	OL26595A|OL2703470A|OL4829695A	Paulette Bourgeois|Brenda Clark|Christiane Duchesne	animals|animals_fiction|bear's|birthday_party|birthdays_fiction|books|children's_fiction|classic|english_language|entertaining|entertaining_fiction|fiction|foxes|franklin|franklin_(fictitious_character__bourgeois)_fiction|hide-and-seek|hide_and_seek|journey|juvenile_fiction|juvenile_literature|language_arts|leapfrog|mud|otters|parties|parties_fiction|picture_books|pre-school|rabbits|readers|slide|slip|slow|story|study_and_teaching_(kindergarten)|tardiness|turtle|turtles|turtles_fiction	16	picture_books
/works/OL30293W	The Glass Menagerie	1945	OL27524A	Tennessee Williams	812.54|american_drama|american_drama_(dramatic_works_by_one_author)|autobiographical_drama|brothers_and_sisters|children's_plays|criticism_and_interpretation|domestic_drama|drama|families|families--missouri--saint_louis--drama|family|fiction|glass_menagerie_(williams_tennessee)|human_relations|interpersonal_relations|memory_plays|mothers_and_daughters|mothers_and_sons|open_syllabus_project|play|plays|ps3545.i5365_g5_1999|reading_level-grade_10|reading_level-grade_11|reading_level-grade_12|reading_level-grade_7|reading_level-grade_8|reading_level-grade_9|saint_louis_(mo.)|saint_louis_(mo.)--drama|young_men|young_men--drama|young_men--missouri--saint_louis--drama|young_women_with_disabilities	56	plays
/works/OL30294W	A Streetcar Named Desire	1947	OL27524A	Tennessee Williams	american_drama|american_drama_(dramatic_works_by_one_author)|american_drama_20th_century|children's_plays|chr_1980|domestic_drama|drama|drama_(dramatic_works_by_one_author)|fiction|manners_and_customs|married_people|open_syllabus_project|plays|polish_americans|pro_gotham_book_mart_(former_owner)_(gotham_book_mart_collection_copies_1-3)|rape|reading_level-grade_10|reading_level-grade_11|reading_level-grade_12|reading_level-grade_7|reading_level-grade_8|reading_level-grade_9|sisters|social_classes|social_life_and_customs|theater|widows|women|women_teachers	69	plays
/works/OL308575W	Gitanjali (song offerings)	1910	OL1770A|OL4324199A|OL21207A	Rabindranath Tagore|Marie Luise Gothein|William Butler Yeats	asian|bambara_language|bengali_ballads|bengali_literature|bengali_love_poetry|bengali_poetry|bengali_poetry_translations_into_english|bengali_prose_poems|children's_songs|criticism_and_interpretation|english_poetry|fiction|fiction__general|fiction_anthologies__collections|indic_poetry|philosophy|poetry|poetry_(poetic_works_by_one_author)|poetry_collections|songs|spirituality|tagore_rabindranath_1861-1941|texts|translations_from_bengali|translations_into_bambara|translations_into_english|translations_into_german|translations_into_telugu|translations_into_vietnamese|yeats_w._b._(william_butler)_1865-1939	217	poetry
/works/OL318863W	The madman, his parables and poems	1918	OL2890A	Kahlil Gibran	american_prose_poems|classic_literature|fiction|misticismo|mysticism|mysticism_poetry|parables|parábolas|poesía|poetry|prosa_poética_estadounidense|translations_into_arabic	20	poetry
/works/OL318900W	The Prophet	1900	OL2890A	Kahlil Gibran	adaptations|american_literature|american_prose_poems|arabic_poetry|comics__graphic_novels_adaptations|criticism_and_interpretation|death|essays_classic_literature|existential|existentialism|fairy_tales|fiction|freedom|graphic_novels|inspirational|lebanese|lebensphilosophie|literatura_libanesa|misticismo|mysticism|mysticism_poetry|pain|passion|philosophical|philosophy|philosophy_and_religion|poemas_en_prosa_estadounidenses|poesias_libanesas|poesía|poetry|poetry_(poetic_works_by_one_author)|prosa_libanesa|prose|prose_poems_american|reason|religious|self-knowledge|spiritual|spirituality|traducciones_al_español|translation_into_italian|translations_into_arabic|translations_into_english|translations_into_spanish	362	poetry
/works/OL3253362W	The Little House	1942	OL529915A	Virginia Lee Burton	agemax7|agemin2|awardcaldecott_award|board_books|buildings|caldecott_medal|children's_fiction|cities_and_towns|cities_and_towns_fiction|city_and_town_life|collectionidcaldecott40|country_homes|country_life|country_life_fiction|domestic_architecture|dwellings|eity_and_town_life|family_life_fiction|ficción_juvenil|fiction|frontier_and_pioneer_life_fiction|grademax3|grademinpreschool|habitations|houses|houses_fiction|housing|illustration|juvenile_fiction|lexile610|lexile_codead|lexile_range601-700|literature_and_fiction_juvenile|memories|picture_books|romans_nouvelles|urban_sprawl|vida_urbana|viviendas	37	picture_books
/works/OL3253363W	Mike Mulligan and His Steam Shovel	1939	OL529915A	Virginia Lee Burton	accelerated_reader_2.8.|biography|board_books|boys_fiction|children's_fiction|children's_stories|contests|determinación_(rasgo_de_la_personalidad)|determination_(personality_trait)|excavadoras|excavating_machinery|ficción_juvenil|fiction|friendship|juvenile_fiction|literature_and_fiction_juvenile|machinery|non-classifiable|picture_books|political_prisoners|politics_and_government|retirement|steam_shovels|steam_shovels_fiction|technology_fiction|toy_and_movable_books	40	picture_books
/works/OL3253372W	Choo Choo	1937	OL529915A	Virginia Lee Burton	adventure_and_adventurers_fiction|children's_fiction|fiction|job_satisfaction|juvenile_fiction|locomotives|locomotives_fiction|picture_books|railroad_trains|railroads|railroads_fiction|trains	19	picture_books
/works/OL3295512W	The  high window	1942	OL2632008A	Raymond Chandler	american|biography|biography_juvenile_literature|california_fiction|fiction|fiction_in_english|fiction_mystery__detective_hard-boiled|general|hard-boiled|large_type_books|literary_criticism|los_angeles_(calif.)_fiction|marlowe_philip_(fictitious_character)_fiction|mystery__detective|open_library_staff_picks|philip_marlowe_(fictitious_character)|private_investigators|private_investigators_fiction	32	literary_criticism
/works/OL3471964W	The wild party	1928	OL578737A	Joseph Moncure March	african_american_boxers|american_verse_satire|boxing|fiction|lesbians|poetry|promiscuity|social_life_and_customs|verse_satire_american	11	poetry
/works/OL3472216W	Wall Street stories	1901	OL578783A	Edwin Lefèvre	business|fiction|fiction_short_stories_(single_author)|finance|in_literature|new_york_(n.y.)_fiction|nonfiction|securities_industry|social_life_and_customs|wall_street_(new_york_n.y.)_fiction	20	nonfiction
/works/OL3486942W	Rudolph the red-nosed reindeer	1939	OL581882A	Robert Lewis May	children's_fiction|christmas|christmas_fiction|christmas_stories|elves|fiction|glow-in-the-dark_books|juvenile_fiction|reindeer|reindeer_fiction|santa_claus|specimens|stories_in_rhyme|toy_and_movable_books	12	stories_in_rhyme
/works/OL35395W	Tender Buttons	1914	OL21095A	Gertrude Stein	818.5209|american_women_authors|amerikanisches_englisch|fiction|intellectual_life|modern_poetry|poetry|poetry_(poetic_works_by_one_author)|prosa|ps3537.t323_t4_2014|stream_of_consciousness_fiction	365	poetry
/works/OL38684W	Lord Jim	1900	OL19441A	Joseph Conrad	adventure_stories|atonement|atonement_--_fiction|biography|britanniques|british|british_--_indonesia_--_fiction|british_and_irish_fiction_(fictional_works_by_one_author)|británicos|children's_fiction|classic_literature|congresses|conrad_joseph_1857-1924._lord_jim|cowardice|cowardice_--_fiction|criticism_and_interpretation|cultural_policy|dictionaries|english_adventure_stories|english_irish_scottish_welsh|english_language|english_language_textbooks_for_foreign_speakers|english_psychological_fiction|english_sea_stories|european|europeans_in_southeast_asia|expiación|ficción|ficción_psicológica|fiction|fiction_in_english|fiction_psychological|fiction_sea_stories|french|german|high_interest-low_vocabulary_books|in_literature|indonesia|indonesia_--_fiction|indonesia_fiction|korean|large_print_books|large_type_books|literary_criticism|literary_criticism__european__english_irish_scottish_welsh|literatura|literature|livres_en_gros_caractères|long_now_manual_for_civilization|lâcheté|marina_mercante|merchant_marine|merchant_marine_--_officers_--_fiction|new_york_times_reviewed|novelas_inglesas|officers|officiers_de_la_marine_marchande|oficiales|psychological_fiction|readers|readers_for_new_literates|reading_level-grade_11|reading_level-grade_12|romans_nouvelles|sailors|sea_stories|seafaring_life|self-fulfillment_in_men|spanish|travel|vida_marinera	344	literary_criticism
/works/OL39027W	A personal record	1912	OL19441A	Joseph Conrad	authors_biography|autobiographie|biografía|biography|biography__autobiography|classic_literature|conrad_joseph_1857-1924|english_novelists|fiction|nonfiction|novelistas_ingleses|seafaring_life	58	biography__autobiography|nonfiction
/works/OL3934836W	Oscar Otter	1920	OL716992A	Nathaniel Benchley	accelerated_reader_1.6.|beginner_books|children's_fiction|children_grades_1-2|children_kindergarten|fiction|juvenile_fiction|otters|otters_fiction|picture_books	18	picture_books
/works/OL40831W	Little Toot	1939	OL28100A	Hardie Gramatky	adventure_stories|ambition|boats_and_boating|children's_fiction|courage|fear|fiction|juvenile_fiction|picture_books|rescue_work_fiction|ship's_papers|tugboats|tugboats_fiction|tugboats_in_fiction	15	picture_books
/works/OL415234W	Helen of Troy	1882	OL3152608A	Andrew Lang	fiction|fiction_historical_general|greek_mythology|helen_of_troy_(greek_mythology)|helen_of_troy_(greek_mythology)_in_literature|historical_fiction|in_literature|poetry|poetry_(poetic_works_by_one_author)	282	poetry
/works/OL43024W	As a man thinketh	1902	OL9777A	James Allen	biblical_teaching|body_mind__spirit|business|conduct_of_life|ethics|fiction|inspirational|inspirational_-_general|miniature_books|new_age|new_thought|nonfiction|philosophy|psychological_aspects|psychology|religion__spirituality|self-actualization_(psychology)|self-help_techniques|self-improvement|specimens|success|success_in_business|thought_and_thinking	657	nonfiction
/works/OL4318080W	The Big Snow	1948	OL840166A|OL2624498A	Berta Hader|Elmer Hader	accelerated_reader_3.9.|agemax9|agemin6|animal_behavior|animals|animals_fiction|awardcaldecott_award|caldecott_medal|children's_fiction|collectionidcaldecott40|fiction|forest_animals|grademax4|grademin1|juvenile_fiction|juvenile_literature|legends|lexile710|lexile_codead|lexile_range701-800|picture_books|snow|snow_fiction|winter|winter_fiction	16	picture_books
/works/OL4453552W	White Snow, Bright Snow	1947	OL2763372A|OL916848A|OL1300693A	Alvin Tresselt|Roger Duvoisin|Catherine Bonhomme	1947|agemax8|agemin4|ages_4-8._preschool_to_gr._3|alvin_tresselt_1900-2000|awardcaldecott_award|blizzards|bright_snow|button_eyes|caldecott_medal|children|children's_fiction|children's_stories_american|collectionidcaldecott40|conduct_of_life|cork_nose|fiction|grademax3|grademinpreschool|juvenile_fiction|lexile660|lexile_range601-700|picture_books|pipe|roger_duvoisin_1900-1980|snow|snow_fiction|snowfall|snowflakes|snowmen|stovepipe_hat|white_snow|winter	12	picture_books
/works/OL4459213W	Bambi	1923	OL888706A	Felix Salten	animals|bambi_(fictitious_character)|bambi_(fictitious_character)_fiction|biography|child_and_youth_fiction|children's_fiction|deer|deer_fiction|deer_in_fiction|fawns|fiction|folklore|forest_animals|friendship|juvenile_fiction|juvenile_literature|legends|legends_and_stories|legends_and_stories_of_animals|nature|picture_books|picture_books_for_children|детская_литература_--_издания_для_младшего_возраста_--_австрийская_литература_--_переводы|филологические_науки._художественная_литература_--детская_литература_--_произведения_зарубежной_литературы_изданные_в_российской_федерации_--_издания_для_младшего_возраста_--_австрия_--_австрийская_детская_литература	110	picture_books
/works/OL461990W	The Admirable Crichton	1900	OL26997A	J. M. Barrie	british_and_irish_drama_(dramatic_works_by_one_author)|children's_plays|classic_literature|comedy|drama|drama__english_irish_scottish_welsh|english_drama|english_literature|fiction|humor|manners_and_customs|plays|plays__drama|presentation_inscription_from_j._m._barrie_(bein_ip_b276_a55)|shipwrecks|social_classes	129	plays
/works/OL4638361W	Lentil	1940	OL952410A	Robert McCloskey	boys|children's_fiction|city_and_town_life|fiction|harmonica|harmonica_fiction|heroes|jealousy|juvenile_fiction|musicians|parades|picture_books|singing	12	picture_books
/works/OL4638387W	Blueberries for Sal	1948	OL952410A	Robert McCloskey	accelerated_reader_3.8.|animals|audiobooks|bears|bears_--_juvenile_fiction|bears_fiction|berries|blueberries|children|children's_audiobooks|children's_fiction|classics|collectionidcaldecotthonor40|conduct_of_life|family|ficción_juvenil|fiction|humorous_stories|juvenile_fiction|juvenle_fiction|madre_e_hijo|maine_fiction|mother_and_child|mother_and_child_fiction|mothers|mothers_and_daughters|mère_et_enfant|mères|osos|ours|parent_and_child|parents|picture_books|picture_books_for_children|romans_nouvelles_etc._pour_la_jeunesse|spanish_language_materials	29	picture_books
/works/OL47352W	The littlest angel	1946	OL28331A	Charles Tazewell	angels|angels_fiction|children's_fiction|christmas|christmas_fiction|christmas_stories|fiction|juvenile_fiction|juvenile_literature|picture_books|specimens|toy_and_movable_books	16	picture_books
/works/OL476471W	The House at Pooh Corner	1925	OL29881A	A. A. Milne	animals|animals_fiction|bears|bears_fiction|children's_fiction|children's_stories|children's_stories_english|donkeys|fairy_tales|ficción_juvenil|fiction|friendship|juguetes|juvenile_fiction|juvenile_literature|mules|picture_books|picture_books_for_children|specimens|stuffed_animals|teddy_bears|teddy_bears_fiction|tigger_(fictitious_character)|toy_and_movable_books|toys|toys_fiction|translations_into_polish|winnie-the-pooh_(fictitious_character)|winnie-the-pooh_(fictitious_character)_fiction|winnie-the-poor_(fictitious_character)	87	picture_books
/works/OL476498W	Now we are six	1925	OL29881A	A. A. Milne	children's_fiction|children's_poetry|children's_poetry_english|children's_stories_english|english_poetry|fiction|humorous_poetry|juvenile_fiction|juvenile_literature|picture_books|poetry|winnie-the-pooh_(fictitious_character)_fiction	39	picture_books|poetry
/works/OL476630W	When we were very young	1924	OL29881A	A. A. Milne	children|children's_fiction|children's_poetry|children's_poetry_english|collected_works|collections|english|english_literature|english_poetry|fiction|humorous_poetry|juvenile_fiction|juvenile_literature|poetry|translations_into_hebrew|winnie-the-pooh_(fictitious_character)_fiction	63	poetry
/works/OL504313W	Meditaciones del Quijote	1914	OL3941062A	José Ortega y Gasset	aesthetics|cervantes_saavedra_miguel_de|cervantes_saavedra_miguel_de_1547-1616|cervantes_saavedra_miguel_de__don_quijote|cultuur|don_quixote|don_quixote_(cervantes_saavedra_miguel_de)|estética|estética|european_-_spanish__portuguese|fiction|fiction_history_and_criticism|history_and_criticism|literary_criticism|literature|literature_-_classics__criticism|ortega_y_gasset_josé_(1883-1955)_--_philosophie|philosophie|philosophy|spanish_adult_nonfiction|spanish_literature	30	literary_criticism
/works/OL509889W	The Good Soldier	1915	OL33842A	Ford Madox Ford	823.912|adultery|adultery--fiction|aultery|british|british--germany--fiction|british_and_irish_drama_(dramatic_works_by_one_author)|british_and_irish_fiction_(fictional_works_by_one_author)|chinese|classic_literature|dictionaries|drama|english_language|english_literature|european|fiction|fiction_family_life|fiction_family_life_general|fiction_war__military|french|friendship|friendship--fiction|friendship_fiction|german|germany_fiction|history|korean|literary_criticism|long_now_manual_for_civilization|married_people|married_people--fiction|married_people_fiction|middle_class|middle_class--fiction|pr6011.o53_g5_2012b|social_life_and_customs	355	literary_criticism
/works/OL515057W	The Autobiography of Charles Darwin	1929	OL35839A	Charles Darwin	autobiography|biography|biography__autobiography|biologists|classic_literature|darwin_charles_1809-1882|evolution|fiction|great_britain_biography|naturalists|nonfiction	18	biography__autobiography|nonfiction
/works/OL53604W	The story of my life	1903	OL34517A	Helen Keller	biografía|biography|biography__autobiography|blind|blind-deaf|blind-deaf_women|blind_biography|blind_women|ciegos_y_sordos|classic_literature|deaf_biography|deaf_women|deafblind_people|deafblind_women|education|fiction|helen_keller|keller_helen_1880-1968|keller_helen_1880-1968_juvenile_literature|large_type_books|nonfiction|people_with_disabilities|people_with_disabilities_education|radcliffe_college	44	biography__autobiography|nonfiction
/works/OL53959W	Life on the Mississippi	1883	OL18319A	Mark Twain	18.06_anglo-american_literature|american_authors|american_fiction_(fictional_works_by_one_author)|american_humorists|american_humorous_stories|american_war_stories|americans|authors_american|authors_biography|authorship|autorschaft|bacon-shakespeare_controversy|baconian_theory|balloon_ascensions|belletristische_darstellung|bible|biography|biography__autobiography|boys|britons|businessmen|childhood_and_youth|christian_science|christian_women_saints|city_life|classic_literature|comedy_sketches|conjoined_twins|controversial_literature|description_and_travel|fiction|fugitive_slaves|heaven|historical_fiction|history|history_of_biblical_events|homes_and_haunts|huckleberry_finn_(fictitious_character)|human_beings|imaginary_conversations|imaginary_voyages|imperialism|impostors_and_imposture|infants_switched_at_birth|intellectual_life|journeys|juvenile_literature|kings_and_rulers|knights_and_knighthood|large_type_books|legislators|male_friendship|manners_and_customs|mind_and_body|mississippi_river_--_description_and_travel.|mississippi_river_description_and_travel|mississippi_river_valley_description_and_travel|mississippi_river_valley_social_life_and_customs|mistaken_identity|nonfiction|open_library_staff_picks|passing_(identity)|philosophical_anthropology|philosophy_of_mind|pilots_and_pilotage|political_corruption|political_fiction|poor_children|princes|race_relations|river_boats|river_life|runaway_children|récits_humoristiques_américains|satire|ship_captains|sketches|social_life_and_customs|speculation|speeches_addresses_etc._american|steamboats|storytelling|time_travel|tom_sawyer_(fictitious_character)|travel|trials_(murder)|twain_mark_1835-1910|voyages_around_the_world|walking	157	biography__autobiography|nonfiction
/works/OL54013W	Tom Sawyer Abroad, Tom Sawyer Detective and Other Stories Etc. Etc.	1896	OL18319A	Mark Twain	american_adventure_stories|american_authors|american_detective_and_mystery_stories|american_humorists|american_humorous_stories|americans|autobiografie|balloon_ascensions|biography|boys|city_and_town_life|classic_literature|conjoined_twins|description_and_travel|fiction|fugitive_slaves|history|huckleberry_finn_(fictitious_character)|humorists|humorous_fiction|impostors_and_imposture|infants_switched_at_birth|juvenile_fiction|kings_and_rulers|lawyers|legal_stories|male_friendship|mystery_fiction|nonfiction|passing_(identity)|politics_and_government|poor_children|princes|race_relations|runaway_children|siamese_twins|tom_sawyer_(fictional_character)|tom_sawyer_(fictitious_character)|travel|trials_(homicide)|trials_(murder)	32	nonfiction
/works/OL547420W	The Little Mouse, the Ripe Red Strawberry, and the Big Hungry Bear	1945	OL5116752A|OL893532A	Audrey Wood|Don Wood	bears|bears_fiction|big_books|board_books|child_and_youth_fiction|children's_fiction|el_ratoncito|ficción_juvenil|fiction|food_fiction|fresa|fresas|juvenile_fiction|livres_d'images_pour_enfants|mice|mice_fiction|on_board_pages|oso|osos|ours|oversize_books|partage|pictorial_works|picture_books|picture_books_for_children|raton|ratones|romans_nouvelles_etc._pour_la_jeunesse|sharing|souris|spanish|spanish_language_materials|specimens|strawberries	38	picture_books
/works/OL5478557W	American Indian Stories	1921	OL1296523A|OL14401463A	Zitkála-Šá|Desmond gahan	addresses_essays_lectures|american|biography|biography__autobiography|conditions_sociales|fiction|fiction_short_stories_(single_author)|general|government_relations|history|indian_women_north_america|indians_of_north_america|indians_of_north_america_biography|indians_of_north_america_government_relations|indians_of_north_america_social_conditions|indians_of_north_america_west_(u.s.)|literary|literary_criticism|literature|native_american|personal_memoirs|relations_avec_l'état|social_conditions|social_science|women|women's_studies|women_biography|women_social_conditions|women_united_states_biography|yankton_(indiens)|yankton_indians|yankton_women	106	biography__autobiography|literary_criticism
/works/OL54891W	The Flirt	1913	OL19603A	Booth Tarkington	autographs|classic_literature|classics|fiction|indiana|literary_criticism|literature_-_classics__criticism|tarkington_newton_booth_1869-1946	67	literary_criticism
/works/OL549962W	Wild Animals I Have Known	1898	OL39160A	Ernest Thompson Seton	anecdotes|animal_behavior|animals|biography|fiction|folklore|juvenile_literature|legends_and_stories_of_animals|literary_collections|nature|nonfiction|wild_animals	30	nonfiction
/works/OL55399W	In the forest	1944	OL19676A	Marie Hall Ets	animals|boys_fiction|children's_fiction|collectionidcaldecotthonor40|fiction|forest_animals|imagination_in_children|juvenile_fiction|parades|picture_books	14	picture_books
/works/OL55401W	4 Plays (Вишнёвый сад / Дядя Ваня / Три сестры / Чайка)	1946	OL19677A	Антон Павлович Чехов	18.53_russian_literature|chekhov_anton_pavlovich_1860-1904|continental_european_drama_(dramatic_works_by_one_author)|continental_european_fiction_(fictional_works_by_one_author)|drama|drama_(dramatic_works_by_one_author)|fiction|fiction_humorous|fiction_humorous_general|fiction_short_stories_(single_author)|plays|russian_drama|russian_drama_translations_into_english|russian_humorous_stories|slavic_philology|social_life_and_customs|teatro_ruso|translations_into_english|translations_into_hebrew	62	plays
/works/OL55403W	Чайка	1915	OL19677A	Антон Павлович Чехов	actresses|authors|classic_literature|continental_european_drama_(dramatic_works_by_one_author)|criticism_and_interpretation|dictionaries|drama|drama_(dramatic_works_by_one_author)|drama_in_spanish|dramatic_works|english_drama|english_language|english_literature|fiction|german|korean|love|manuel|readers|russian_drama|russian_language|slavic_philology|spanish|stage|théâtre|translations_from_russian|translations_into_english|étude_et_enseignement	208	dramatic_works
/works/OL55513W	Иванов	1923	OL19677A	Антон Павлович Чехов	classic_literature|classics|continental_european_drama_(dramatic_works_by_one_author)|drama|fiction|plays|russian_literature|social_life_and_customs|theatre	61	plays
/works/OL55527W	Дядя Ваня	1897	OL19677A	Антон Павлович Чехов	891.723|american_drama_(dramatic_works_by_one_author)|chekhov_anton_pavlovich__1860-1904|chinese|classic_literature|continental_european_drama_(dramatic_works_by_one_author)|country_life|country_life--russia--drama|dictionaries|drama|drama_(dramatic_works_by_one_author)|drama_collections|english_drama|english_drama--translations_from_russian|english_language|fiction|french|german|korean|middle_class|middle_class--russia--drama|pg3456.d5_h5|pg3456.d5_w67_2005|readers|russian_drama|russian_drama--translations_into_english|russian_language|russian_literature|scripts|slavic_philology|translations_from_russian|translations_into_english|translations_into_japanese	222	scripts
/works/OL55719W	Walking	1914	OL19690A	Henry David Thoreau	aesthetic_realism|american_literature|classic_literature|fiction|fiction_historical|iran_fiction|natural_history_north_america|nature|nonfiction|philosophy|philosophy_american|poetry_(poetic_works_by_one_author)|thoreau_henry_david_1817-1862|transportation_environmental_aspects|united_states_fiction|walking	183	nonfiction
/works/OL5703631W	Click, Clack, Moo Cows That Type	1900	OL1388005A	Doreen Cronin	animales_domésticos|animals|board_books|cattle|children's_fiction|children's_fiction_cows|children's_literature|children's_stories|collectionidcaldecotthonor00|cows|cows_fiction|domestic_animals|domestic_animals_fiction|ducks|farm_animals|farms|ficción_juvenil|fiction|friendship_fiction|huelgas_y_lockouts|humorous_stories|juvenile_fiction|mecanografía|máquinas_de_escribir|novela_juvenil|oversize_books|phonics|pictorial_works|picture_books|readers|strikes_and_lockouts|typewriters|typewriters_fiction|typewriting|vacas	44	picture_books
/works/OL575422W	The portable Blake	1946	OL41961A	William Blake	biography|blake_william_1757-1827|children's_poetry|english|english_poetry|fiction|literature|poesia_inglesa|poetry|poetry_(poetic_works_by_one_author)|poets|romanticism|romanticism_great_britain|romanticism_in_art	7	poetry
/works/OL61090W	Strega Nona	1934	OL2627552A	Tomie dePaola	agemax8|agemin4|audiobooks|avarice|awardcaldecott_award|big_books|blind|books_and_reading|caldecott_medal|children's_fiction|collectionidcaldecotthonor70|fairy_tales|fiction|folklore|folklore_italy|gardening_fiction|grademax3|grademinpreschool|grandmothers|healing|italy_fiction|juvenile_fiction|juvenile_literature|lexile560|lexile_range501-600|magic|magic_fiction|memory|picture_books|strega_nona_(fictional_character)|strega_nona_(fictitious_character)|tales|toy_and_movable_books|witches|witches_fiction	41	picture_books
/works/OL64457W	Mortal coils	1922	OL19767A	Aldous Huxley	fiction|plays|short_stories_modern|social_life_and_customs	22	plays
/works/OL64760W	The Gettysburg Address	1883	OL19804A	Abraham Lincoln	anniversaries|cemeteries|classic_literature|consecration_of_cemeteries|dedication_services|facsimiles|fiction|history|juvenile_literature|lincoln_abraham_1809-1865|lincoln_abraham_1809-1865_gettysburg_address|lincoln_abraham_1809-1865_gettysburg_address_juvenile_literature|lincoln_day|manuscripts|marketing|miniature_books|nonfiction|open_syllabus_project|oratory|pennsylvania_description_and_travel|pennsylvania_history|pictorial_works|political_and_social_views|politics|portraits|s.s._kresge_company|soldiers'_national_cemetery_(gettysburg_pa.)|specimens|speeches_addresses_etc._american|united_states_civil_war_1861-1865	58	nonfiction
/works/OL6714318W	L'Ecole Des Femmes	1950	OL6899222A	Molière	classic_literature|fiction|literary_criticism	23	literary_criticism
/works/OL67235W	A country doctor	1884	OL28725A	Sarah Orne Jewett	american_fiction_(fictional_works_by_one_author)|classic_literature|country_life|country_life_in_fiction|fiction|fiction_medical|history_of_medicine|new_england_fiction|new_england_in_fiction|nonfiction|physicians|physicians_fiction|sociology|women_medical_students|women_medical_students_in_fiction|women_physicians|women_physicians_fiction|women_physicians_in_fiction	15	nonfiction
/works/OL68661W	An Introduction to Yoga	1908	OL16933A	Annie Wood Besant	classic_literature|fiction|hatha_yoga|health__fitness|new_age|nonfiction|yoga	13	nonfiction
/works/OL7005925W	A Book of Remarkable Criminals	1918	OL2368878A	Henry Brodribb Irving	biography|classic_literature|crime|crime_and_criminals|criminals|criminals_biography|fiction|history|nonfiction	23	nonfiction
/works/OL7095112W	The Book of Tea	1900	OL840964A|OL840964A|OL15863855A	Okakura Kakuzō|Okakura Kakuzō|高玮	boissons|chadō|civilisation|classic_literature|cooking__food|correspondence|culture_traditionnelle|cérémonie_du_thé|cérémonie_japonaise_du_thé|eastern|fiction|fonctions_sociales|history|japan_--_social_life_and_customs|japan_social_life_and_customs|japanese_tea_ceremony|manners_and_customs|maîtres_du_thé|mœurs_et_coutumes|new_age|nonfiction|philosophie|philosophy|social_life_and_customs|tea|theeceremonie|thé	475	nonfiction
/works/OL733412W	Memoirs of an egoist	1927	OL2786936A|OL1238430A	Stendhal|Stendahl.	authors_biography|authors_french|biography|biography__autobiography|classics|continental_european_fiction_(fictional_works_by_one_author)|fiction|fiction__literary|french|french_authors|french_novel_and_short_story|french_novelists|literary|other_prose_19th_century|stendhal_1783-1842|translations_into_english	22	biography__autobiography
/works/OL764302W	Rogue warrior Seize The Day	1900	OL62888A	Richard Marcinko	biography|biography__autobiography|commando_troops|commando_troops_in_fiction|cuba_in_fiction|fiction|fiction_action__adventure|fiction_thrillers_espionage|germany_in_fiction|history|military|personal_memoirs|prevention|rogue_warrior_(fictitious_character)|rogue_warrior_(fictitious_character)_fiction|special_forces_(military_science)|terrorism|terrorism_in_fiction|united_states|united_states._navy|united_states._navy._sea_air_land_teams|united_states._navy._seals	12	biography__autobiography
/works/OL7679779W	Katy No-Pocket	1944	OL2368011A	Emmy Payne	children's_fiction|fiction|individuality|juvenile_fiction|kangaroos|kangaroos_fiction|picture_books	10	picture_books
/works/OL78992W	If I had ..	1944	OL39750A	Mercer Mayer	animaux_fabuleux|brothers|bullies|bullying|children's_fiction|fantasmes|fantasy|fiction|juvenile_fiction|picture_books	12	picture_books
/works/OL7973699W	The Book of the Dead	1894	OL116405A|OL788378A|OL8361345A|OL7942110A	E. A. Wallis Budge|David Lorimer|Foy Scalf|Paul Mirecki	11.11_egyptian_religion|ancient|ancient_egypt|antiquities|book_of_the_dead|classic_literature|criticism_interpretation|cults|death|deaths|dodenboeken|egypt_antiquities|egypt_history|egyptian_incantations|egyptian_language|egyptian_literature|egyptian_mythology|egyptian_religion|facsimile|facsimiles|fiction|funeral_rites_and_ceremonies|future_life|future_life_(egyptian_religion)|hieroglyphic_text|hieroglyphic_writing|hieroglyphics|history|incantations|manuscripts|manuscrits|middle_eastern_philology|mort|nonfiction|papyri|papyrus_ani|papyrus_of_ani|philosophy|reference_books|religion|religion_(discipline)|religion__spirituality|rome|spirituality|text|totenbuch	85	nonfiction
/works/OL8043761W	Barbie Horse Trouble Barbie Look Look	1921	OL2675811A	Golden Books	animals|barbie_(fictitious_character)|children's_fiction|children's_poetry_english|children_grades_1-2|children_kindergarten|dolls|dolls_fiction|english_poetry|fairy_tales|fiction|girls_fiction|horses|juvenile_fiction|juvenile_poetry|nonsense_verses|poetry	48	nonsense_verses|poetry
/works/OL8117866W	Thats Not My Monster	1900	OL2703462A	Fiona Watt	board_books|children's_fiction|fiction|juvenile_fiction|monsters|monsters_fiction|monstres|picture_books|romans_nouvelles_etc._pour_la_jeunesse|textured_books|toy_and_movable_books|vocabulary	12	picture_books
/works/OL836034W	Poems	1941	OL71598A|OL1744917A|OL509133A	Ḥāfiẓ|Robert Bly|Leonard Lewisohn	american_-_general|criticism_and_interpretation|fiction|general|historical|indo-iranian_philology|man-woman_relationships|nobility|persian_sufi_poetry|poetry|poetry_(poetic_works_by_one_author)|poetry__general|translations_into_english	10	poetry
/works/OL85892W	Dracula	1897	OL31727A	Bram Stoker	18.05_english_literature|action__adventure|adaptations|british|british_and_irish_drama_(dramatic_works_by_one_author)|british_and_irish_fiction_(fictional_works_by_one_author)|classics|count_dracula_(fictional_character)|county_dracula_(fictitious_character)|criticism_and_interpretation|dictionaries|dracula_(personaje_literario)|dracula_(stoker)|dracula_(stoker_bram)|dracula_count_(fictitious_character)_drama|dracula_count_(fictitious_character)_fiction|dracula_i_litteraturen|drama|england_fiction|english_horror_tales|english_language_rhetoric|english_literature|epistolary_novels|fiction|fiction_fantasy_general|fiction_ghost|fiction_gothic|fiction_historical_general|fiction_horror|fiction_psychological|film_and_video_adaptations|french|german|gothic_literature|history_and_criticism|horror|horror_fiction|horror_stories|horror_tales|horror_tales_history_and_criticism|irish_authors|irish_fiction|legends|literary_criticism|literature|literature_study_and_teaching|long_now_manual_for_civilization|monsters|novela|psychological_fiction|readers_for_new_literates|religion|romania_fiction|romanians|romans_nouvelles|science_fiction|science_fiction_fantasy_horror|spanish|stoker_bram_1847-1912|temples|textbooks_for_foreign_speakers|thriller|vampires|vampires_fiction|vampires_in_literature|vampiros	736	literary_criticism
/works/OL86339W	Chamber Music	1907	OL31827A	James Joyce	classic_literature|english_poetry|fiction|irish_authors|poetry|poetry_(poetic_works_by_one_author)	32	poetry
